id	name	category	price	originalPrice	link	description	badge	storage	SKU1	Color1	Imagen1	Hex1	SKU2	Color2	Imagen2	Hex2	SKU3	Color3	Imagen3	Hex3	SKU4	Color4	Imagen4	Hex4	SKU5	Color5	Imagen5	Hex5
1	Galaxy Z Fold7	smartphones	19866	0	https://samsung.com.bo/smartphones/galaxy-z-fold7	Diseño ultra delgado 8.9mm, Cámara 200MP, Snapdragon 8 Elite y Galaxy AI.		["512 GB", "RAM 12GB"]	SM-F966BDBKCHO	Azul Metálico	https://samsung-bolivia.s3.amazonaws.com/product-family-item-image-image/square/product-family-item-image-image_REVFsxTyaj9XMYmDK7Qf.png	#3c5b8a																
2	Galaxy Z Flip7	smartphones	10511	0	https://samsung.com.bo/smartphones/galaxy-z-flip7	Cámara 50 MP, batería 4300 mAh, pantalla 2600 nits y FlexWindow.		["256 GB", "RAM 12GB"]	SM-F766BDBJCHO	Azul Metálico	https://samsung-bolivia.s3.amazonaws.com/product-family-item-image-image/square/product-family-item-image-image_musoL4rQiqzg7KPlpEtb.png	#8d93a4																
3	Galaxy Z Fold 5	smartphones	16286	0	https://samsung.com.bo/smartphones/galaxy-z-fold5	La potencia de una PC, ahora, en tu bolsillo.		["256 GB", "RAM 12GB"]	SM-F946BZEKBVO	Crema	https://samsung-bolivia.s3.amazonaws.com/product-family-item-image-image/square/product-family-item-image-image_W9PG0iuCOkq34SbraYcn.png	#f8f4eb																
4	Galaxy Z Fold 5	smartphones	16690	0	https://samsung.com.bo/smartphones/galaxy-z-fold5	La potencia de una PC, ahora, en tu bolsillo.		["512 GB", "RAM 12GB"]	SM-F946BZEKBVO	Crema	https://samsung-bolivia.s3.amazonaws.com/product-family-item-image-image/square/product-family-item-image-image_W9PG0iuCOkq34SbraYcn.png	#f8f4eb																
5	Galaxy S25 Ultra	smartphones	11839	0	https://samsung.com.bo/smartphones/galaxy-s25-ultra	Cámara 200MP + 50MP, Titanio, Snapdragon 8 Elite y bat. 5000 mAh.		["512 GB", "RAM 12GB"]	SM-S938BZTKBVO	Gris	https://samsung-bolivia.s3.amazonaws.com/product-family-item-image-image/square/product-family-item-image-image_qI9E4ZaOzVG1HFbrLPlf.png	#938e8a																
6	Galaxy S25 Ultra	smartphones	10915	0	https://samsung.com.bo/smartphones/galaxy-s25-ultra	Cámara 200MP + 50MP, Titanio, Snapdragon 8 Elite y bat. 5000 mAh.		["256 GB", "RAM 12GB"]	SM-S938BZTKBVO	Gris	https://samsung-bolivia.s3.amazonaws.com/product-family-item-image-image/square/product-family-item-image-image_qI9E4ZaOzVG1HFbrLPlf.png	#938e8a																
7	Galaxy S25+	smartphones	9644	0	https://samsung.com.bo/smartphones/galaxy-s25	Pantalla QHD+ 6.7, batería 4900 mAh, Armor Aluminum y Galaxy AI.		["256 GB", "RAM 12GB"]	SM-S936BZSJBVO	Gris	https://samsung-bolivia.s3.amazonaws.com/product-family-item-image-image/square/product-family-item-image-image_QFnUNhV2vgt5lCTS1jEr.png	#747477																
8	Galaxy S25	smartphones	8258	0	https://samsung.com.bo/smartphones/galaxy-s25	Pantalla FHD+ 6.2, batería 4000 mAh, 12GB RAM y diseño compacto.		["256 GB", "RAM 12GB"]	SM-S931BLBKBVO	Celeste	https://samsung-bolivia.s3.amazonaws.com/product-family-item-image-image/square/product-family-item-image-image_a8UgdYvuW1GTco4Ei0jt.png	#bac3d3																
9	Galaxy-A56 5G	smartphones	4216	0	https://samsung.com.bo/smartphones/galaxy-a/galaxy-a56-5g-awesome-graphite-256gb-sm-a566ezkcbvo	Pantalla Super AMOLED, cuerpo de 7.4mm, Super HDR y marco de aluminio.		["256GB", "RAM 12GB"]	SM-A566EZKCBVO	Grafito	https://samsung-bolivia.s3.amazonaws.com/product-family-item-image-image/square/product-family-item-image-image_gRcO0dDIHaKpQkyrB1Ce.png	#53565a																
10	Galaxy-A56 5G	smartphones	3962	0	https://samsung.com.bo/smartphones/galaxy-a/galaxy-a56-5g-awesome-graphite-256gb-sm-a566ezkcbvo	Pantalla Super AMOLED, cuerpo de 7.4mm, Super HDR y marco de aluminio.		["256GB", "RAM 8GB"]	SM-S731BDBKBVO	Grafito	https://samsung-bolivia.s3.amazonaws.com/product-family-item-image-image/square/product-family-item-image-image_gRcO0dDIHaKpQkyrB1Ce.png	#53565a																
11	Galaxy-A55 5G	smartphones	4158	0	https://samsung.com.bo/smartphones/galaxy-a/galaxy-a55-5g	Pantalla Super AMOLED, cuerpo de 7.4mm, Super HDR y marco de aluminio.		["256GB", "RAM 8GB"]	SM-S731BDBKBVO	Negro	https://samsung-bolivia.s3.amazonaws.com/product-family-item-image-image/square/product-family-item-image-image_PJyW02YS6HQF8Mmhk4TK.png	#000000																
12	Galaxy-A36 5G	smartphones	3361	0	https://samsung.com.bo/smartphones/galaxy-a/galaxy-a36-5g-awesome-black-256gb-sm-a366ezkgbvo	Pantalla 6.7 FHD+ 120Hz (1200 nits), Knox Vault y diseño minimalista.		["256GB", "RAM 8GB"]	SM-A366ELGGBVO	Verde claro	https://samsung-bolivia.s3.amazonaws.com/product-family-item-image-image/square/product-family-item-image-image_6vXGmDeB8ETVyJrIqut3.png	#dfefdb																
13	Galaxy-A35	smartphones	3581	0	https://samsung.com.bo/smartphones/galaxy-a/galaxy-a35-5g	Conoce la brillante pantalla FHD+ Super AMOLED Infinity-O display de 6.6 pulgadas		["256GB", "RAM 8GB"]	SM-A356EZKGBVO	Negro	https://samsung-bolivia.s3.amazonaws.com/product-family-item-image-image/square/product-family-item-image-image_b2BqZAs5agKoxGz7EeOD.png	#2d2926																
14	Galaxy-A26 5G	smartphones	2680	0	https://samsung.com.bo/smartphones/galaxy-a/galaxy-a26-5g-black-256gb-sm-a266mzkhbvo	Pantalla 6.7 Super AMOLED, IP67, Batería 5000mAh y diseño Key Island.		["256GB", "RAM 6GB"]	SM-A266MZKDBVO	Negro	https://samsung-bolivia.s3.amazonaws.com/product-family-item-image-image/square/product-family-item-image-image_CzrmjgMaNsDTUn1v6bcu.png	#2d2926																
15	Galaxy-A26 5G	smartphones	2506	0	https://samsung.com.bo/smartphones/galaxy-a/galaxy-a26-5g-black-256gb-sm-a266mzkhbvo	Pantalla 6.7 Super AMOLED, IP67, Batería 5000mAh y diseño Key Island.		["128 GB", "RAM 6GB"]	SM-A266MZKDBVO	Negro	https://samsung-bolivia.s3.amazonaws.com/product-family-item-image-image/square/product-family-item-image-image_CzrmjgMaNsDTUn1v6bcu.png	#2d2926																
16	Galaxy-A25	smartphones	2287	0	https://samsung.com.bo/smartphones/galaxy-a/galaxy-a25-5g-blue-black-256gb-sm-a256ezkhbvo	Rápido, espacioso y poderoso. Todo lo que necesitas para hacer más		["128 GB", "RAM 6GB"]	SM-A256EZKHBVO	Azul Oscuro	https://samsung-bolivia.s3.amazonaws.com/product-family-item-image-image/original/product-family-item-image-image_2fFTNI7g9YcGVydKMDP3.png	#3f4251																
17	Galaxy-A17	smartphones	2333	0	https://samsung.com.bo/smartphones/galaxy-a/galaxy-a17-black-128gb-sm-a175fzkgbvo	Diseño moderno, cámara principal 50MP y batería de 5000mAh para todo el día.		["256GB", "RAM 8GB"]	SM-A175FZKGBVO	Negro	https://samsung-bolivia.s3.amazonaws.com/product-family-item-image-image/square/product-family-item-image-image_plKXQsWNif5GCyvtuD8S.png	#404145																
18	Galaxy-A17	smartphones	1906	0	https://samsung.com.bo/smartphones/galaxy-a/galaxy-a17-black-128gb-sm-a175fzkgbvo	Diseño moderno, cámara principal 50MP y batería de 5000mAh para todo el día.		["128 GB","RAM 6GB"]	SM-A175FZKGBVO	Negro	https://samsung-bolivia.s3.amazonaws.com/product-family-item-image-image/square/product-family-item-image-image_plKXQsWNif5GCyvtuD8S.png	#404145																
19	Galaxy-A16	smartphones	2056	0	https://samsung.com.bo/smartphones/galaxy-a/galaxy-a16-black-128gb-sm-a165mzkgbvo	Pantalla 6.7 FHD+ sAMOLED, 6 actualizaciones de seguridad y diseño ultra delgado.		["256 GB"]	SM-A165MLGIBVO	Light Green	https://samsung-bolivia.s3.amazonaws.com/product-family-item-image-image/square/product-family-item-image-image_XdSCZYtRWLMcFa3QbyPH.png	#c0cdc4																
20	Galaxy-A16	smartphones	1813	0	https://samsung.com.bo/smartphones/galaxy-a/galaxy-a16-black-128gb-sm-a165mzkgbvo	Pantalla 6.7 FHD+ sAMOLED, 6 actualizaciones de seguridad y diseño ultra delgado.		["128 GB"]	SM-A165MLGIBVO	Light Green	https://samsung-bolivia.s3.amazonaws.com/product-family-item-image-image/square/product-family-item-image-image_XdSCZYtRWLMcFa3QbyPH.png	#c0cdc4																
21	Galaxy-A06	smartphones	1259	0	https://samsung.com.bo/smartphones/galaxy-a/galaxy-a06	Pantalla 6.7, Cámara 50MP, Carga rápida 25W y lector de huella lateral.		["128 GB","RAM 6GB"]	SM-A065MZKDBVO	Negro	https://samsung-bolivia.s3.amazonaws.com/product-family-item-image-image/square/product-family-item-image-image_q2igFyLm8vBEX07xUAGu.png	#484d57																
22	Galaxy-A06	smartphones	1155	0	https://samsung.com.bo/smartphones/galaxy-a/galaxy-a06	Pantalla 6.7, Cámara 50MP, Carga rápida 25W y lector de huella lateral.		["64 GB","RAM 4GB"]	SM-A065MZKDBVO	Negro	https://samsung-bolivia.s3.amazonaws.com/product-family-item-image-image/square/product-family-item-image-image_q2igFyLm8vBEX07xUAGu.png	#484d57																
23	Galaxy-A05s	smartphones	1398	0	https://samsung.com.bo/smartphones/galaxy-a/galaxy-a05s-light-violet-128gb-sm-a057mlvgltl	El Galaxy A05s: potencia Snapdragon, cámara 50MP y batería 5000 mAh. ¡Estilo y rendimiento accesibles!		["128GB", "RAM 4GB"]	SM-A057MLVGBVO	Violeta	https://samsung-bolivia.s3.amazonaws.com/product-family-item-image-image/square/product-family-item-image-image_HWoSn1O3YCMgQsTl9wib.png	#b4b5df																
24	Galaxy-A05	smartphones	1097	0	https://samsung.com.bo/smartphones/galaxy-a/galaxy-a05-silver-64gb-sm-a055mzsaltm	Pantalla HD+ inmersiva, cámara 50MP y batería 5000 mAh. ¡Esencial, potente y accesible!		["128GB", "RAM 4GB"]	SM-A055MZSABVO	Plata	https://samsung-bolivia.s3.amazonaws.com/product-family-item-image-image/square/product-family-item-image-image_H4yrzjgaoxPnts8SOGup.png	#cbc6c4																
25	Galaxy-A05	smartphones	959	0	https://samsung.com.bo/seriegalaxya	Pantalla HD+ inmersiva, cámara 50MP y batería 5000 mAh. ¡Esencial, potente y accesible!		["64GB", "RAM 4GB"]	SM-A055MZSABVO	Plata	https://samsung-bolivia.s3.amazonaws.com/product-family-item-image-image/square/product-family-item-image-image_H4yrzjgaoxPnts8SOGup.png	#cbc6c4																
26	Galaxy Tab S10 Ultra Wi-Fi + Keyboard Cover + S Pen	tablets	13283	0	https://samsung.com.bo/tablets/galaxy-tab-s/galaxy-tab-s10-ultra-gray-256gb-sm-x920nzadbvo	Pantalla 14.6 Dynamic AMOLED 2x, cuerpo de 718g y resistencia IP68.		["256GB", "RAM 12GB"]	SM-X920NZADBVO	Gray	https://samsung-bolivia.s3.amazonaws.com/product-family-item-image-image/square/product-family-item-image-image_ak0VR2Sfu7AGJmtyDW81.png	#606e81																
27	Galaxy Tab S9 5G + S Pen	tablets	11319	0	https://samsung.com.bo/tablets/galaxy-tab-s/galaxy-tab-s9-graphite-256gb-sm-x716bzaebvo	Pantalla Dynamic AMOLED 2X, Vision Booster y procesador Snapdragon 8 Gen 2.		["256GB", "RAM 12GB"]	SM-X716BZAEBVO	Graphite	https://samsung-bolivia.s3.amazonaws.com/product-family-item-image-image/square/product-family-item-image-image_a47qwBkQmGSDLxrnHbl2.png	#545356																
28	Galaxy Tab S8 Ultra Wi-Fi + Keyboard Cover + S Pen	tablets	9702	0	https://samsung.com.bo/tablets/galaxy-tab-s8-ultra	Pantalla 14.6 Super AMOLED, doble cámara frontal 12MP y batería 11200mAh.		["256GB", "RAM 12GB"]	SM-X900NZADBVO	Graphite	https://samsung-bolivia.s3.amazonaws.com/product-family-item-image-image/original/product-family-item-image-image_r9kBXbZ7EHPeI415nwMF.png	#494d53																
29	Galaxy Tab S8 Ultra 5G + Keyboard Cover + S Pen	tablets	10857	0	https://samsung.com.bo/tablets/galaxy-tab-s/galaxy-tab-s8-ultra-5g-graphite-256gb-sm-x906bzadbvo	Pantalla masiva 14.6 sAMOLED, conectividad 5G, doble cámara frontal y batería 11200mAh.		["256GB", "RAM 12GB"]	SM-X906BZADBVO	Graphite	https://samsung-bolivia.s3.amazonaws.com/product-family-item-image-image/square/product-family-item-image-image_Ym12EgZftRjDsOCp9o6i.png	#494d53																
30	Galaxy Tab S10 FE+ Wi-Fi + Cover + S Pen	tablets	7854	0	https://samsung.com.bo/tablets/galaxy-tab-s/galaxy-tab-s10-ultra-gray-256gb-sm-x920nzadbvo	Pantalla masiva de 13.1, resistencia al agua IP68 y S Pen Creator incluido.		["128GB", "RAM 8GB"]	SM-X620NZSABVO	Silver	https://samsung-bolivia.s3.amazonaws.com/product-family-item-image-image/square/product-family-item-image-image_2k8sHTFRoQNY0nq694dh.png	#c0c0c0																
31	Galaxy Tab S10 Lite 5G + Cover + S Pen	tablets	4851	0	https://samsung.com.bo/tablets/galaxy-tab-s/galaxy-tab-s10-lite-gray-128gb-sm-x406bzadbvo/	Pantalla con Low Blue Light, soporte MicroSD hasta 2TB y diseño ligero.		["128GB", "RAM 6GB"]	SM-X406BZADBVO	Gris	https://samsung-bolivia.s3.amazonaws.com/product-family-item-image-image/square/product-family-item-image-image_WxlKTwnyCDmuqzFNbOEc.png	#75787b	SM-X406BZSDBVO	Plata	https://samsung-bolivia.s3.amazonaws.com/product-family-item-image-image/square/product-family-item-image-image_YPRKew7SFfbTnNE3GDa9.png	#c7c8ca	SM-X406BZRDBVO	Rojo	https://samsung-bolivia.s3.amazonaws.com/product-family-item-image-image/square/product-family-item-image-image_F4sSOyLpDUMgr6HGaw3I.png	#d85f67								
32	Galaxy Tab S6 Lite + S Pen	tablets	3869	0	https://samsung.com.bo/tablets/galaxy-tab-s/galaxy-tab-s6-lite-10-4-inch-gray-64gb-wi-fi-sm-p625nzaabvo	Diseño metálico 10.4, S Pen magnético, One UI y sonido AKG.		["64GB", "RAM 4GB"]	SM-P615NZAUBVO	Gray	https://samsung-bolivia.s3.amazonaws.com/product-family-item-image-image/square/product-family-item-image-image_cK7fN9BtLdoA2XSxZHq4.png	#75787b	SM-P615NZBUBVO	Blue	https://samsung-bolivia.s3.amazonaws.com/product-family-item-image-image/square/product-family-item-image-image_rGWjUgBOQyw5XtRuT7YS.png	#3355e7	SM-P615NZIUBVO	Pink	https://samsung-bolivia.s3.amazonaws.com/product-family-item-image-image/square/product-family-item-image-image_igG8kdDq4CZSXIHA2pjU.png	#ffc6f4	SM-P625NLGABVO	Mint	https://samsung-bolivia.s3.amazonaws.com/product-family-item-image-image/square/product-family-item-image-image_5Z28sUpEyXz4AHDa0CmG.png	#d2deda	SM-P625NZAABVO	Dark Gray	https://samsung-bolivia.s3.amazonaws.com/product-family-item-image-image/square/product-family-item-image-image_8UeMwWFrhqJCBcOYvGgx.png	#312e31
33	Galaxy Tab A9+ 5G	tablets	2714	0	https://samsung.com.bo/tablets/galaxy-tab-a/galaxy-tab-a9-plus-5g-gray-64gb-sm-x216bzaabvo	Gran pantalla envolvente, cámara versátil y un diseño elegante para tu entretenimiento diario.		["64GB", "RAM 4GB"]	SM-X216BZAABVO	Gray	https://samsung-bolivia.s3.amazonaws.com/product-family-item-image-image/square/product-family-item-image-image_GVSg1FfkhnQMwBlorKJP.png	#2a3244																
34	Galaxy Tab A9	tablets	1386	0	https://samsung.com.bo/tablets/galaxy-tab-a/galaxy-tab-a9-wifi-mystic-navy-128gb-sm-x115nzael12	Sumérgete en la Galaxy Tab A9: pantalla compacta, sonido Dolby Atmos, rendimiento fluido y diseño metálico portátil.		["128GB", "RAM 8GB"]	SM-X115NZAEL12	Gray	https://samsung-bolivia.s3.amazonaws.com/product-family-item-image-image/square/product-family-item-image-image_wOeUva34LZ5by708tVNP.png	#2a3244																
35	Galaxy Watch8 44mm	smartwatches	3696	0	https://samsung.com.bo/galaxy-watch/galaxy-watch8-44mm-silver-bluetooth-sm-l330nzsalta	Diseño ultra delgado, procesador de 3nm, sensor BioActive avanzado y GPS de doble frecuencia.			SM-L330NZSALTA	Silver	https://samsung-bolivia.s3.amazonaws.com/product-family-item-image-image/square/product-family-item-image-image_Cni83qS4IomVYGdFb7P6.png	#c7c8ca	SM-L330NDAALTA	Graphite	https://samsung-bolivia.s3.amazonaws.com/product-family-item-image-image/square/product-family-item-image-image_s9BzxhCL0tVck1wQNfuA.png	#5b6166												
36	Galaxy Watch8 40mm	smartwatches	3407	0	https://samsung.com.bo/galaxy-watch/galaxy-watch8-40mm-graphite-bluetooth-sm-l320ndaalta	Diseño acolchado icónico, monitor de sueño con IA y pantalla más brillante.			SM-L320NZSALTA	Silver	https://samsung-bolivia.s3.amazonaws.com/product-family-item-image-image/square/product-family-item-image-image_9uv4ihWUsJkdFA3zZeg2.png	#c7c8ca	SM-L320NDAALTA	Graphite	https://samsung-bolivia.s3.amazonaws.com/product-family-item-image-image/square/product-family-item-image-image_ViOTFAIkqd72KnfMWsUX.png	#5b6166												
37	Galaxy Watch7 44mm	smartwatches	3234	0	https://samsung.com.bo/watches/galaxy-watch/galaxy-watch7-44mm-green-bluetooth-sm-l310nzgalta	Procesador de 3nm, GPS de doble frecuencia y monitoreo de salud con Galaxy AI.			SM-L310NZGALTA	Green	https://samsung-bolivia.s3.amazonaws.com/product-family-item-image-image/square/product-family-item-image-image_I42cMghpFfwX8o0Qb1JV.png	#6e6d63	SM-L310NZSALTA	Silver	https://samsung-bolivia.s3.amazonaws.com/product-family-item-image-image/square/product-family-item-image-image_E9v5fsMolA6hnDUaTxF4.png	#bdc0bf												
38	Galaxy Watch7 40mm	smartwatches	3003	0	https://samsung.com.bo/watches/galaxy-watch/galaxy-watch7-40mm-green-bluetooth-sm-l300nzgalta	Compacto y potente, control de gestos doble pellizco y batería de larga duración.			SM-L300NZGALTA	Verde	https://samsung-bolivia.s3.amazonaws.com/product-family-item-image-image/square/product-family-item-image-image_PHQG26DIV3dK5LlOoj1u.png	#6e6d63	SM-L300NZEALTA	Cream	https://samsung-bolivia.s3.amazonaws.com/product-family-item-image-image/square/product-family-item-image-image_olUm3QxXMKcYH9IVsb8D.png	#f0eae0												
39	Galaxy Watch6 Classic 47mm	smartwatches	4216	0	https://samsung.com.bo/watches/galaxy-watch/galaxy-watch6-40mm-graphite-bluetooth-sm-r930nzkalta	Bisel giratorio físico, pantalla de cristal de zafiro y diseño clásico de gran formato.			SM-R960NZSALTA	Silver	https://images.samsung.com/is/image/samsung/p6pim/py/2307/gallery/py-galaxy-watch6-classic-r965-sm-r960nzsalta-537413468?$Q90_1920_1280_F_PNG$	#c7c8ca	SM-R960NZKALTA	Black	https://images.samsung.com/is/image/samsung/p6pim/py/2307/gallery/py-galaxy-watch6-classic-r965-sm-r960nzkalta-537413441?$Q90_1920_1280_F_PNG$	#404145												
40	Galaxy Watch6 Classic 43mm	smartwatches	3869	0	https://samsung.com.bo/watches/galaxy-watch/galaxy-watch6-40mm-graphite-bluetooth-sm-r930nzkalta	Elegancia atemporal con bisel giratorio, seguimiento de salud 24/7 y diseño refinado.			SM-R950NZKAPHE	Silver	https://images.samsung.com/is/image/samsung/p6pim/es/2307/gallery/es-galaxy-watch6-classic-r955-sm-r950nzsaphe-537448677?$Q90_684_547_JPG$	#c7c8ca	SM-R950NZKAPHE	Black	https://images.samsung.com/is/image/samsung/p6pim/es/2307/gallery/es-galaxy-watch6-classic-r955-sm-r950nzkaphe-537448661?$Q90_684_547_JPG$	#404145												
41	Galaxy Watch6 44mm	smartwatches	3061	0	https://samsung.com.bo/watches/galaxy-watch/galaxy-watch6-40mm-graphite-bluetooth-sm-r930nzkalta	Pantalla más amplia y bisel reducido para maximizar tu visión y bienestar.			SM-R940NZSALTA	Silver	https://samsung-bolivia.s3.amazonaws.com/product-family-item-image-image/square/product-family-item-image-image_U5bBtS1grukPQy8FDwqH.png	#c7c8ca	SM-R940NZKALTA	Graphite	https://samsung-bolivia.s3.amazonaws.com/product-family-item-image-image/square/product-family-item-image-image_CjiDx81kAzR7o0YJq5ga.png	#4a4a4d												
42	Galaxy Watch6 40mm	smartwatches	2657	0	https://samsung.com.bo/watches/galaxy-watch/galaxy-watch6-40mm-graphite-bluetooth-sm-r930nzkalta	Pantalla más amplia y bisel reducido para maximizar tu visión y bienestar.			SM-R930NZEALTA	Gold	https://samsung-bolivia.s3.amazonaws.com/product-family-item-image-image/square/product-family-item-image-image_3eaB1ZH8XMfgArRizST6.png	#f0eae0	SM-R930NZKALTA	Graphite	https://samsung-bolivia.s3.amazonaws.com/product-family-item-image-image/square/product-family-item-image-image_jD4crMfKyoOWJ0ZAHLQi.png	#4a4a4d												
43	Galaxy Watch5 Pro	smartwatches	2657	0	https://samsung.com.bo/watches/galaxy-watch/galaxy-watch5-pro-black-titanium-bluetooth-sm-r920nzkalta	Batería de larga duración y cuerpo de titanio diseñado para la aventura extrema.			SM-R920NZKALTA	Negro	https://samsung-bolivia.s3.amazonaws.com/product-family-item-image-image/square/product-family-item-image-image_OQZW4xiHv7MwbqRgefo1.png	#404145	SM-R920NZTALTA	Gris Titanio	https://samsung-bolivia.s3.amazonaws.com/product-family-item-image-image/square/product-family-item-image-image_fNuvOGDnM90ysK8aUxI1.png	#867e74												
44	Galaxy Watch5 44mm	smartwatches	2426	0	https://samsung.com.bo/watches/galaxy-watch/galaxy-watch5-44mm-graphite-bluetooth-sm-r910nzaalta	Tecnología de sensor bioactivo para un análisis integral de sueño y salud diaria.			SM-R910NZAALTA	Graphite	https://samsung-bolivia.s3.amazonaws.com/product-family-item-image-image/square/product-family-item-image-image_U439qx2GkFwOBPhb8IQo.png	#4a4a4d	SM-R910NZBALTA	Zafiro	https://samsung-bolivia.s3.amazonaws.com/product-family-item-image-image/square/product-family-item-image-image_h2XS48ecWFGrwTOCpdxu.png	#6b7d98	SM-R910NZSALTA	Plateado	https://samsung-bolivia.s3.amazonaws.com/product-family-item-image-image/square/product-family-item-image-image_BKk9s30tfQOqjuD52bda.png	#c7c8c9								
45	Galaxy Watch5 40mm	smartwatches	1964	0	https://samsung.com.bo/watches/galaxy-watch/galaxy-watch5-40mm-silver-bluetooth-sm-r900nzsalta	Tecnología de sensor bioactivo para un análisis integral de sueño y salud diaria.			SM-R900NZSALTA	Plateado	https://samsung-bolivia.s3.amazonaws.com/product-family-item-image-image/square/product-family-item-image-image_P1oG408CDeJMg92NFqIu.png	#c7c8c9	SM-R900NZAALTA	Graphite	https://samsung-bolivia.s3.amazonaws.com/product-family-item-image-image/square/product-family-item-image-image_h1wVDunQcH8iAbIXPL5x.png	#4a4a4d	SM-R900NZDALTA	Oro rosado	https://samsung-bolivia.s3.amazonaws.com/product-family-item-image-image/square/product-family-item-image-image_KSOu2VYNnRZi4zTxD7ty.png	#f0cfc3								
46	Galaxy Watch4 40mm	smartwatches	1733	0	https://samsung.com.bo/watches/galaxy-watch/galaxy-watch4-pink-gold-bluetooth-sm-r860nzdalta	Diseño icónico y compacto con medición de composición corporal para tu vida fitness.			SM-R860NZDALTA	Oro Rosado	https://samsung-bolivia.s3.amazonaws.com/product-family-item-image-image/square/product-family-item-image-image_Fw8gsRPMqfK3Tj0SzeB5.png	#ffc0cb	SM-R860NZKALTA	Negro	https://samsung-bolivia.s3.amazonaws.com/product-family-item-image-image/square/product-family-item-image-image_8mPH6O5dZCQphMAgTUti.png	#404145	SM-R860NZSALTA	Plata	https://samsung-bolivia.s3.amazonaws.com/product-family-item-image-image/square/product-family-item-image-image_YwaS6XJdr0htseAugZfB.png	#c0c0c0								
47	Galaxy Watch FE	smartwatches	2137	0	https://samsung.com.bo/watches/galaxy-watch/galaxy-watch-fe-40mm-silver-bluetooth-sm-r861nzsalta	Las funciones esenciales de bienestar y conectividad Galaxy a tu alcance cada día.			SM-R861NZSALTA	Silver	https://samsung-bolivia.s3.amazonaws.com/product-family-item-image-image/square/product-family-item-image-image_no1kELFZ2z4lgwKMY7pe.png	#c0c0c0	SM-R861NZKALTA	Negro	https://samsung-bolivia.s3.amazonaws.com/product-family-item-image-image/square/product-family-item-image-image_k35e6sFmuNqVXoQdl9w0.png	#404145	SM-R861NIDALTA	Pink Gold	https://samsung-bolivia.s3.amazonaws.com/product-family-item-image-image/square/product-family-item-image-image_EtFy7GqbN06ZUeKmX1rM.png	#d6b6a8								
48	50" Crystal UHD 4K DU8000 Smart TV (2024)	televisions	3629	0	https://samsung.com.bo/tvs/uhd-4k-tv/du8000-50-inch-crystal-uhd-4k-tizen-os-smart-tv-un50du8000gxzs	Sumergete en mil millones de tonos de color para una imagen clara y llena de detalle			UN50DU8000GXZS	Negro	https://samsung-bolivia.s3.amazonaws.com/product-family-item-image-image/square/product-family-item-image-image_KDOShpEvQ4lBfnFIo5xq.png	#000000																
49	55" Crystal UHD 4K DU8000 Smart TV (2024)	televisions	4366	0	https://samsung.com.bo/tvs/uhd-4k-tv/du8000-55-inch-crystal-uhd-4k-tizen-os-smart-tv-un55du8000gxzs	Sumergete en mil millones de tonos de color para una imagen clara y llena de detalle			UN55DU8000GXZS	Negro	https://samsung-bolivia.s3.amazonaws.com/product-family-item-image-image/square/product-family-item-image-image_ImkfcVMrtUGxSCTOywjK.png	#000000																
50	65" Crystal UHD 4K U8000F Smart TV	televisions	7040	0	https://samsung.com.bo/tvs/uhd-4k-tv/u8000f-65-inch-crystal-uhd-4k-smart-tv-un65u800fgxzs	Sumergete en mil millones de tonos de color para una imagen clara y llena de detalle			UN65U8000FGXZS	Negro	https://samsung-bolivia.s3.amazonaws.com/product-family-item-image-image/square/product-family-item-image-image_QpGz43vgsMNwIVbXqoLF.png	#000000																
51	65 The Frame QLED 4K Smart TV (2024)	televisions	11000	0	https://samsung.com.bo/lifestyle-tvs/the-frame/ls03d-65-inch-black-qn65ls03dagxzs	Televisor o cuadro de arte tu eliges; disfruta de tu pantalla anti-reflejo con matte display			QN65LS03DAGXZS	Negro	https://samsung-bolivia.s3.amazonaws.com/product-family-item-image-image/square/product-family-item-image-image_m8TwsQ7c1RFViLxje3vO.png	#000000																
52	98 Crystal UHD 4K DU9000 Smart TV (2024)	televisions	39078	0	https://samsung.com.bo/tvs/uhd-4k-tv/du9000-98-inch-crystal-uhd-4k-tizen-os-smart-tv-un98du9000gxzs	Sumergete en mil millones de tonos de color para una imagen clara y llena de detalle			UN98DU9000GXZS	Negro	https://samsung-bolivia.s3.amazonaws.com/product-family-item-image-image/square/product-family-item-image-image_Uh2PdWwkltZ9JBaoFK1u.png	#000000																
53	85 QLED 4K Q70A Smart TV (2021)	televisions	16499	0	https://samsung.com.bo/tvs/qled	Hasta 100% de volumen de color con brillo que resalta incluso de dia			QN85Q70AAGXZS	Negro	https://samsung-bolivia.s3.amazonaws.com/product-family-item-image-image/square/product-family-item-image-image_Je9G8vLxcWoRBu6Qj3CO.png	#000000																
54	50 QLED Q7FA 4K Vision Al Smart TV (2025)	televisions	4488	0	https://samsung.com.bo/tvs/qled-tv/q7f-50-inch-qled-4k-smart-tv-qn50q7faagxzs	Hasta 100% de volumen de color con brillo que resalta incluso de dia			QN50Q7FAAGXZS	Negro	https://samsung-bolivia.s3.amazonaws.com/product-family-item-image-image/square/product-family-item-image-image_5GWkeRcMV4v2oZByOLHb.png	#000000																
55	55 QLED Q7FA 4K Vision Al Smart TV (2025)	televisions	5676	0	https://samsung.com.bo/tvs/qled-tv/q7f-55-inch-qled-4k-smart-tv-qn55q7faagxzs	Hasta 100% de volumen de color con brillo que resalta incluso de dia			QN55Q6FAAGXZS	Negro	https://samsung-bolivia.s3.amazonaws.com/product-family-item-image-image/square/product-family-item-image-image_J19o5VW0lxjv8ZAPXb3q.png	#000000																
56	65 QLED Q7FA 4K Vision Al Smart TV (2025)	televisions	7920	0	https://samsung.com.bo/tvs/qled-tv/q7f-65-inch-qled-4k-smart-tv-qn65q7faagxzs	Hasta 100% de volumen de color con brillo que resalta incluso de dia			QN65Q6FAAGXZS	Negro	https://samsung-bolivia.s3.amazonaws.com/product-family-item-image-image/square/product-family-item-image-image_y3SazKNiqZL2GgWMDAB1.png	#000000																
57	75 QLED Q7FA 4K Vision Al Smart TV (2025)	televisions	12540	0	https://samsung.com.bo/tvs/qled-tv/q7f-75-inch-qled-4k-smart-tv-qn75q7faagxzs	Hasta 100% de volumen de color con brillo que resalta incluso de dia			QN75Q6FAAGXZS	Negro	https://samsung-bolivia.s3.amazonaws.com/product-family-item-image-image/square/product-family-item-image-image_Fh0QtAWP2TrMlOyfKH3i.png	#000000																
58	Televisor Smart 85 QLED 4K Q7F (2025)	televisions	18480	0	https://samsung.com.bo/tvs/qled-tv/q7f-85-inch-qled-4k-smart-tv-qn85q7faagxzs	Hasta 100% de volumen de color con brillo que resalta incluso de dia			QN85Q7FAAGXZS	Negro	https://samsung-bolivia.s3.amazonaws.com/product-family-item-image-image/square/product-family-item-image-image_y3SazKNiqZL2GgWMDAB1.png	#000000																
59	65 OLED 4K S85F Smart TV (2025)	televisions	18480	0	https://samsung.com.bo/tvs/oled-tv/s90f-65-inch-oled-4k-smart-tv-qn65s90faexzs	Tecnología OLED con negros profundos, Pantone Validated y diseño LaserSlim.			QN65S90FAEXZS	Negro	https://samsung-bolivia.s3.amazonaws.com/product-family-item-image-image/square/product-family-item-image-image_aBiCzY5V7jtclEme09N6.png	#000000																
60	77" OLED S85F 4K Vision AI Smart TV (2025)	televisions	29040	0	https://shop.samsung.com.bo/tvs/oled-tv/s90f-77-inch-oled-4k-smart-tv-qn77s90faexzs	Tecnología OLED con negros profundos, Pantone Validated y diseño LaserSlim.			QN77S85FAEXZS	Negro	https://images.samsung.com/is/image/samsung/p6pim/cl/qn77s85faexzs/gallery/cl-oled-s85f-qn77s85faexzs-545961780?$Q90_1368_1094_F_JPG$	#000000																
61	Q-Series Soundbar HW-Q800F 5.1.2 Subwoofer (2025)	soundbar	4488	0	https://samsung.com.bo/audio-devices/soundbar/q800f-black-hw-q800f-zs	Altavoces laterales para una inmersión acústica total.			HW-Q800F/ZS	Negro	https://samsung-bolivia.s3.amazonaws.com/product-family-item-image-image/square/product-family-item-image-image_zLvAhkBV4oGt1xSOlbHY.png	#000000																
62	Q-Series Soundbar HW-QS700F 3.1.2 Subwoofer	soundbar	5280	0	https://samsung.com.bo/audio-devices/soundbar/qs700f-black-hw-qs700f-zs	Excelente calidad de sonido en cualquier configuración. El diseño inteligente se ve bien tanto en su posición vertical como horizontal.			HW-QS700F/ZS	Negro	https://samsung-bolivia.s3.amazonaws.com/product-family-item-image-image/square/product-family-item-image-image_UC9FgdPpQ1ntN5zfOkho.png	#000000																
63	Lavadora de carga superior con dosificador Magic Dispenser	washing_machines	4043	0	https://samsung.com.bo/washers-and-dryers/washing-machines/top-load-13kg-white-wa13t5260bw-zs	Tecnología Wobble anti-enredos, Motor DIT y diseño moderno.			WA13T5260BW/ZS	Blanco	https://samsung-bolivia.s3.amazonaws.com/product-family-item-image-image/square/product-family-item-image-image_JT9UujprqxAOCeYIymol.png	#ffffff																
64	Lavadora de carga superior con dosificador Magic Dispenser	washing_machines	4274	0	https://samsung.com.bo/washers-and-dryers/washing-machines/top-load-13kg-gray-wa13t5260by-zs	Tecnología Wobble anti-enredos, Motor DIT y diseño moderno.			WA13T5260BY/ZS	Gris	https://samsung-bolivia.s3.amazonaws.com/product-family-item-image-image/square/product-family-item-image-image_EkvnsOYoGfTQXcBILRhS.png	#777777																
65	Lavadora Carga Superior 13Kg c/ Wobble	washing_machines	4043	0	https://samsung.com.bo/washers-and-dryers/washing-machines/wa5000c-top-load-ecobubble-digital-inverter-technology-super-speed-13kg-white-wa13cg5441bwzs	Tecnología Wobble, Lavado Intenso y ahorro de energía.			WA13CG5441BWZS	White	https://samsung-bolivia.s3.amazonaws.com/product-family-item-image-image/square/product-family-item-image-image_su85rYTHDQ31oNcFkqKC.png	#ffffff																
66	Lavadora Carga Superior 13Kg c/ Wobble	washing_machines	4274	0	https://samsung.com.bo/washers-and-dryers/washing-machines/wa5000c-top-load-ecobubble-digital-inverter-technology-super-speed-13kg-white-wa13cg5441bwzs	Tecnología Wobble, Lavado Intenso y ahorro de energía.			WA13CG5441BDZS	Gray	https://samsung-bolivia.s3.amazonaws.com/product-family-item-image-image/square/product-family-item-image-image_Uo1X7Wfh25ta9TM0Oszx.png	#808080																
67	Lavadora Carga Superior 15Kg c/ Wobble	washing_machines	4736	0	https://samsung.com.bo/washers-and-dryers/washing-machines/top-load-15kg-white-wa15t5260bw-zs	Capacidad 15Kg, Pulsador Wobble y 20 años de garantía en motor.			WA15T5260BY/ZS	Gris	https://samsung-bolivia.s3.amazonaws.com/product-family-item-image-image/square/product-family-item-image-image_TMWkD26xISQhd3vbeO7F.png	#777777																
68	Lavadora Carga Superior 15Kg c/ Wobble	washing_machines	4505	0	https://samsung.com.bo/washers-and-dryers/washing-machines/top-load-15kg-white-wa15t5260bw-zs	Capacidad 15Kg, Pulsador Wobble y 20 años de garantía en motor.			WA15T5260BW/ZS	White	https://samsung-bolivia.s3.amazonaws.com/product-family-item-image-image/square/product-family-item-image-image_zn79NiAjgpXSa02KERrW.png	#ffffff																
69	Lavadora Carga Superior 19Kg c/ Eco Bubble 	washing_machines	6468	0	https://samsung.com.bo/washers-and-dryers/washing-machines/wa6000c-top-load-ecobubble-digital-inverter-technology-super-speed-19kg-gray-wa19cg6441bdzs	EcoBubble con Dual Storm, Speed Spray (Lavado 31min) y SmartThings.			WA19CG6441BDZS	Gris	https://samsung-bolivia.s3.amazonaws.com/product-family-item-image-image/square/product-family-item-image-image_gkcsF4KAm19xdWathDey.png	#808080																
70	Lavadora Carga Superior 19Kg c/ Eco Bubble 	washing_machines	6699	0	https://samsung.com.bo/washers-and-dryers/washing-machines/wa6000c-top-load-ecobubble-digital-inverter-technology-super-speed-19kg-gray-wa19cg6441bdzs	EcoBubble con Dual Storm, Speed Spray (Lavado 31min) y SmartThings.			WA19CG6745BVZS	Negro	https://samsung-bolivia.s3.amazonaws.com/product-family-item-image-image/square/product-family-item-image-image_4ALNrH3PaGJvw50B6Ykz.png	#000000																
71	Lavadora Carga Superior 19Kg c/ Wobble	washing_machines	6353	0	https://samsung.com.bo/washers-and-dryers/washing-machines/top-load-19kg-black-caviar-wa19t6260bv-bo	Lavadora de carga superior con dosificador Magic Dispenser, lavado intenso y suavizante potente			WA19T6260BY/BO	Gris	https://samsung-bolivia.s3.amazonaws.com/product-family-item-image-image/square/product-family-item-image-image_2EcOMLa84g03ws7PhJld.png	#808080																
72	Lavadora Carga Superior 22Kg c/ Bubble Storm	washing_machines	9818	0	https://samsung.com.bo/washers-and-dryers/washing-machines/ww8800a-22kg-black-wa22a8370gv-bo	Heavy Duty+, BubbleStorm para lavado rápido y gran capacidad 22kg.			WA22A8370GV/BO	Negro	https://samsung-bolivia.s3.amazonaws.com/product-family-item-image-image/square/product-family-item-image-image_Efvjbaz4T2p1qsVgYC8N.png	#000000																
73	Lavadora Carga Frontal 10.5Kg c/ Eco Bubble	washing_machines	6468	0	https://samsung.com.bo/washers-and-dryers/washing-machines/ww5000t-front-loading-hygiene-steam-dit-10-5kg-white-ww10ta040ce-bo	Lavado con IA (AI Control), EcoBubble y Dispensador Automático.			WW10TA040CX/BO	Gris	https://samsung-bolivia.s3.amazonaws.com/product-family-item-image-image/square/product-family-item-image-image_krILGRP5XyFmbe0hjVWJ.png	#808080																
74	Lavadora Carga Frontal 10.5Kg c/ Eco Bubble	washing_machines	6122	0	https://samsung.com.bo/washers-and-dryers/washing-machines/ww5000t-front-loading-hygiene-steam-dit-10-5kg-white-ww10ta040ce-bo	Lavado con IA (AI Control), EcoBubble y Dispensador Automático.			WW10TA040CE/BO	Blanco	https://samsung-bolivia.s3.amazonaws.com/product-family-item-image-image/square/product-family-item-image-image_3uKoTkXGRYyDQgqJ6Sbz.png	#ffffff																
75	Lavadora Carga Superior 9Kg c/ Wobble	washing_machines	3119	0	https://samsung.com.bo/washers/wa90h4400sw	Modelo compacto, Wobble Technology y secado de aire turbo.			WA90H4400SW	Blanco	https://samsung-bolivia.s3.amazonaws.com/product-family-item-image-image/square/product-family-item-image-image_dxZmHuRywXpgqTN0LfMe.png	#ffffff																
76	Lavadora de carga superior 9Kg con tecnología Digital Inverter	washing_machines	3119	0	https://samsung.com.bo/washers-and-dryers/washing-machines/wa4000c-top-load-ecobubble-digital-inverter-technology-super-speed-9kg-light-gray-wa90cg4240byzs	Disfruta de un rendimiento duradero con la Tecnología Digital Inverter			WA90CG4240BYZS	Gray	https://samsung-bolivia.s3.amazonaws.com/product-family-item-image-image/square/product-family-item-image-image_te30L7Zgu4Da1fjSKrw6.png	#808080																
77	Lavadora Carga Frontal 8.5Kg c/ Lavado Rápido	washing_machines	4736	0	https://samsung.com.bo/washers-and-dryers/washing-machines/front-load-8-5kg-white-ww85t3040bw-bo	Motor Digital Inverter, Lavado Rápido 18min y Limpieza de Tambor.			WW85T3040BW/BO	Blanco	https://samsung-bolivia.s3.amazonaws.com/product-family-item-image-image/square/product-family-item-image-image_DOBy17IHf4CUA8VwtipF.png	#ffffff																
78	Lavadora de carga superior 8Kg con tecnología Digital Inverter	washing_machines	2888	0	https://samsung.com.bo/washers-and-dryers/washing-machines/wa4000c-top-load-ecobubble-digital-inverter-technology-super-speed-8kg-white-wa80cg4240bwzs	Disfruta de un rendimiento duradero con la Tecnología Digital Inverter			WA80CG4240BWZS	Blanco	https://samsung-bolivia.s3.amazonaws.com/product-family-item-image-image/square/product-family-item-image-image_xiIa67VGcX5KmtYyA8fJ.png	#ffffff																
79	Lavadora Carga Superior 8Kg c/ Wobble	washing_machines	2888	0	https://samsung.com.bo/lavadoras/WA80H4200SW	Diseño duradero, tina de diamantes y panel de control trasero.			WA80H4200SW	Blanco	https://samsung-bolivia.s3.amazonaws.com/product-family-item-image-image/square/product-family-item-image-image_CFsI3gma41uDhQrA7LS8.png	#ffffff																
80	Lavadora Secadora 12.5Kg/7Kg con IA	washing_machines	6930	0	https://samsung.com.bo/washers-and-dryers/washer-dryer-combo/wd7500t-front-loading-eco-bubble-quickdrive-ai-control-12-5kg-gray-wd12t754dbn-bo	Lavaseca 2 en 1, EcoBubble, Air Wash (Desodorizar) y AI Control.			WD12T704DBX/ZS	Gray	https://samsung-bolivia.s3.amazonaws.com/product-family-item-image-image/square/product-family-item-image-image_LMZcfWrj4VIyn51mxdGR.png	#808080																
81	Refrigerador Top Freezer 234L c/ All Around Cooling	refrigerators	4736	0	https://samsung.com.bo/refrigerators/top-mount-freezer/refrigerator-234l-silver-rt22farads8-zs	Sistema All-Around Cooling, Digital Inverter y compresor duradero (234L útil).		["234L"]	RT22FARADS8/ZS	Plateado	https://samsung-bolivia.s3.amazonaws.com/product-family-item-image-image/square/product-family-item-image-image_5COYXBSuT1VHEmLe0tAG.png	#dbdbdb																
82	Refrigerador Top Mount Freezer 301L c/ Space Max	refrigerators	6237	0	https://samsung.com.bo/refrigerators/top-mount-freezer/rt5300c-top-mount-freezer-spacemax-301l-silver-rt31cg5420s9zs	Tecnología SpaceMax (paredes finas), All-Around Cooling y 301L efectivos.		["301L"]	RT31CG5420S9ZS	Silver	https://samsung-bolivia.s3.amazonaws.com/product-family-item-image-image/square/product-family-item-image-image_sljpqH4KTY7JcAitRfzn.png	#c0c0c0																
83	Refrigerador Top Mount Freezer 407 L con Space Max	refrigerators	9298	0	https://samsung.com.bo/refrigerators/top-mount-freezer/rt6300c-top-mount-freezer-optimal-fresh-and-space-max-407l-black-rt42cg6720b1zs	El doble de frescura con mayor capacidad		["407L"]	RT42CG6720B1ZS	Negro	https://samsung-bolivia.s3.amazonaws.com/product-family-item-image-image/square/product-family-item-image-image_PXyHfSYxJigNBdR6UCtT.png	#000000																
84	Refrigerador Top Mount Freezer 407 L con Space Max	refrigerators	9009	0	https://samsung.com.bo/refrigerators/top-mount-freezer/rt6300c-top-mount-freezer-optimal-fresh-and-space-max-384l-silver-rt38cg6720s9zs	El doble de frescura con mayor capacidad		["407L"]	RT38CG6720S9ZS	Plateado	https://samsung-bolivia.s3.amazonaws.com/product-family-item-image-image/square/product-family-item-image-image_vohCPp2fGgDBs64nty19.png	#dbdbdb																
85	Refrigerador Side by Side 490 L con Twist Ice Maker	refrigerators	12058	0	https://samsung.com.bo/refrigerators/side-by-side/rs3000bm-side-by-side-modern-and-sleek-design-490l-black-rs52b3000b4-zs	Diseño minimalista Side by Side, All-Around Cooling y compresor silencioso.		["490L"]	RS52B3000B4/ZS	Black	https://samsung-bolivia.s3.amazonaws.com/product-family-item-image-image/square/product-family-item-image-image_6d7ECzRqcX2IgZFSH1Vt.png	#000000																
86	Refrigerador Side by Side 490 L con Twist Ice Maker	refrigerators	11365	0	https://samsung.com.bo/refrigerators/side-by-side/rs3000bm-side-by-side-modern-and-sleek-design-490l-black-rs52b3000b4-zs	Diseño minimalista Side by Side, All-Around Cooling y compresor silencioso.		["490L"]	RS52B3000M9/ZS	Silver	https://samsung-bolivia.s3.amazonaws.com/product-family-item-image-image/square/product-family-item-image-image_C81GHQufw5rAhnMT7XUt.png	#d3d3d3																
87	Refrigerador Top Mount Freezer 298 L con Space Max	refrigerators	6699	0	https://samsung.com.bo/refrigerators/top-mount-freezer/rt5300c-top-mount-freezer-spacemax-298l-silver-rt31cg5540s9zs	Almacena más alimentos en un interior espacioso con 20 litros más de capacidad		["298L"]	RT31CG5540S9ZS	Silver	https://samsung-bolivia.s3.amazonaws.com/product-family-item-image-image/square/product-family-item-image-image_qdOpYe8xzfGi6bklj9RJ.png	#d3d3d3																
88	French Door de 425 L con Twin Cooling Plus	refrigerators	15246	0	https://samsung.com.bo/refrigerators/french-door/rf5000a-425l-black-rf44a5202b1-zs	Puerta Francesa (Twin Cooling), dispensador de agua externo y caja de vegetales.		["425L"]	RF44A5202B1/ZS	Negro	https://samsung-bolivia.s3.amazonaws.com/product-family-item-image-image/square/product-family-item-image-image_xgmOh0RCkMKVTP5WieGE.png	#000000																
89	Refrigerador Twin Cooling Plus de 526 L / 19 Pies cúbicos	refrigerators	10973	0	https://samsung.com.bo/refrigeradores/RT53K6541SL	Mantén la frescura de tus alimentos por el doble de tiempo		["526L"]	RT53K6541SL/ZS	Silver	https://samsung-bolivia.s3.amazonaws.com/product-family-item-image-image/square/product-family-item-image-image_ZeLXNjyAPOFGD8znriCB.png	#d3d3d3																
90	Top Mount de 385L con No Frost	refrigerators	7762	0	https://samsung.com.bo/refrigerators/top-mount-freezer/385l-elegant-inox-rt38k50ajs8-zs	All-around Cooling		["385L"]	RT38K50AJS8/ZS	Plateado	https://samsung-bolivia.s3.amazonaws.com/product-family-item-image-image/square/product-family-item-image-image_y1Ew2vYxhRkjQXpbmz6T.png	#dbdbdb																
91	Refrigerador Twin Cooling Plus de 526 L / 19 Pies cúbicos	refrigerators	11296	0	https://samsung.com.bo/refrigeradores/RT53K6541BS	Edición Black Inox, Twin Cooling, Smart Conversion y Power Cool/Freeze.		["526L"]	RT53K6541BS/ZS	Negro	https://samsung-bolivia.s3.amazonaws.com/product-family-item-image-image/square/product-family-item-image-image_EZwrpQvh7dGJfLz8O4SD.png	#000000																
92	Refrigerador Top Mount Freezer 384 L c/ Space Max y WiFi	refrigerators	9240	0	https://shop.samsung.com.bo/refrigerators/top-mount-freezer/rt6300c-top-mount-freezer-optimal-fresh-and-space-max-384l-black-rt38cg6720b1zs	Bespoke Design (Panel personalizable), WiFi SmartThings y SpaceMax.		["384L"]	RT38CG6720B1ZS	Negro	https://samsung-bolivia.s3.amazonaws.com/product-family-item-image-image/square/product-family-item-image-image_zJbv7fYwk1ruh9PVIHaE.png	#000000																
93	Refrigerador Top Mount Freezer 384 L c/ Space Max y WiFi	refrigerators	9009	0	https://samsung.com.bo/refrigerators/top-mount-freezer/rt6300c-top-mount-freezer-optimal-fresh-and-space-max-384l-black-rt38cg6720b1zs	Bespoke Design (Panel personalizable), WiFi SmartThings y SpaceMax.		["384L"]	RT38CG6720S9ZS	Plateado	https://samsung-bolivia.s3.amazonaws.com/product-family-item-image-image/square/product-family-item-image-image_vohCPp2fGgDBs64nty19.png	#dbdbdb																
94	Refrigerador Side by Side 602L c/ 3-Door Flex	refrigerators	17903	0	https://samsung.com.bo/refrigerators/side-by-side/rs5000rc-spacemax-602l-black-rs65r5691b4-zs	Tecnología SpaceMax (602L), 3 puertas con FlexZone y Metal Cooling.		["602L"]	RS65R5691M9/ZS	Plateado	https://samsung-bolivia.s3.amazonaws.com/product-family-item-image-image/square/product-family-item-image-image_xDYXudpNP4qvCsWoOZaQ.png	#dbdbdb																
95	Refrigerador Side by Side 602L c/ 3-Door Flex	refrigerators	19173	0	https://samsung.com.bo/refrigerators/side-by-side/rs5000rc-spacemax-602l-black-rs65r5691b4-zs	Tecnología SpaceMax (602L), 3 puertas con FlexZone y Metal Cooling.		["602L"]	RS65R5691B4/ZS	Negro	https://samsung-bolivia.s3.amazonaws.com/product-family-item-image-image/square/product-family-item-image-image_4JuPHt1WvOwDnmYhZ6rA.png	#000000																
96	Aspiradora sin Bolsa 1800W c/ Turbina Anti Enredos	kitchen_cleaning	1247	0	https://samsung.com.bo/vacuum-cleaners/canister/canister-vc3100m	Turbina Anti-Tangle (No se atasca con pelos), depósito Easy Dustbin y 1800W.			VC18M3110VB/BO	Azul Cosmo	https://samsung-bolivia.s3.amazonaws.com/product-family-item-image-image/square/product-family-item-image-image_xjtC0g9Z2bEXqADP3HNy.png	#1c0d82																
97	Aspiradora con Bolsa 2000W c/ Función Soplador	kitchen_cleaning	901	0	https://samsung.com.bo/vacuum-cleaners/canister/vcc4190v3exbo	Potente 2000W, función de soplado de polvo y filtro de alérgenos.			VCC4190V3E/XBO	Vino Rubí	https://samsung-bolivia.s3.amazonaws.com/product-family-item-image-image/square/product-family-item-image-image_hx8bfBduoXV1MyCcHAlZ.png	#653038																
98	Aspiradora Stick Jet 60 con 150 W de Poder de Succión	kitchen_cleaning	3049	0	https://samsung.com.bo/vacuum-cleaners/stick/vs9000rl-stick-more-advance-cleaning-performance-digital-inverter-motor-jet-cyclone-silver-vs15a60a1r5-zs	Rendimiento de limpieza más avanzado			VS15A60A1R5/ZS	Silver	https://samsung-bolivia.s3.amazonaws.com/product-family-item-image-image/square/product-family-item-image-image_a3s8g25FhCHW6MLPTDRy.png	#d3d3d3																
99	Aspiradora con Contenedor , 2000 W	kitchen_cleaning	1040	0	https://samsung.com.bo/vacuum-cleaners/canister/canister-vcc4580v3k	Twin Chamber System™			VCC4580V3K/XBO	Negro	https://samsung-bolivia.s3.amazonaws.com/product-family-item-image-image/square/product-family-item-image-image_0wEIO2gtvuZmicUy9WNT.png	#000000																