ID,Nombre,Categoría,Precio,Precio Original,Link,Descripción,Badge,Storage,SKU,Imagen,Variantes (Cantidad),Variantes (Detalles)
1,Galaxy Z Fold7,smartphones,19866,0,https://samsung.com.bo/smartphones/galaxy-z-fold7,"Diseño ultra delgado 8.9mm, Cámara 200MP, Snapdragon 8 Elite y Galaxy AI.",,"512 GB, RAM 12GB",SM-F966BDBKCHO,https://samsung-bolivia.s3.amazonaws.com/product-family-item-image-image/square/product-family-item-image-image_REVFsxTyaj9XMYmDK7Qf.png,1,Azul Metálico (#3c5b8a) - SKU: SM-F966BDBKCHO
2,Galaxy Z Flip7,smartphones,10511,0,https://samsung.com.bo/smartphones/galaxy-z-flip7,"Cámara 50 MP, batería 4300 mAh, pantalla 2600 nits y FlexWindow.",,"256 GB, RAM 12GB",SM-F766BDBJCHO,https://samsung-bolivia.s3.amazonaws.com/product-family-item-image-image/square/product-family-item-image-image_musoL4rQiqzg7KPlpEtb.png,1,Azul Metálico (#8d93a4) - SKU: SM-F766BDBJCHO
3,Galaxy Z Fold 5,smartphones,16286,0,https://samsung.com.bo/smartphones/galaxy-z-fold5,"La potencia de una PC, ahora, en tu bolsillo.",,"256 GB, RAM 12GB",SM-F946BZEKBVO,https://samsung-bolivia.s3.amazonaws.com/product-family-item-image-image/square/product-family-item-image-image_W9PG0iuCOkq34SbraYcn.png,1,Crema (#f8f4eb) - SKU: SM-F946BZEKBVO
4,Galaxy Z Fold 5,smartphones,16690,0,https://samsung.com.bo/smartphones/galaxy-z-fold5,"La potencia de una PC, ahora, en tu bolsillo.",,"512 GB, RAM 12GB",SM-F946BZEKBVO,https://samsung-bolivia.s3.amazonaws.com/product-family-item-image-image/square/product-family-item-image-image_W9PG0iuCOkq34SbraYcn.png,1,Crema (#f8f4eb) - SKU: SM-F946BZEKBVO
5,Galaxy S25 Ultra,smartphones,11839,0,https://samsung.com.bo/smartphones/galaxy-s25-ultra,"Cámara 200MP + 50MP, Titanio, Snapdragon 8 Elite y bat. 5000 mAh.",,"""512 GB"", ""RAM 12GB""]",SM-S938BZTKBVO,https://samsung-bolivia.s3.amazonaws.com/product-family-item-image-image/square/product-family-item-image-image_qI9E4ZaOzVG1HFbrLPlf.png,1,Gris (#938e8a) - SKU: SM-S938BZTKBVO
6,Galaxy S25 Ultra,smartphones,10915,0,https://samsung.com.bo/smartphones/galaxy-s25-ultra,"Cámara 200MP + 50MP, Titanio, Snapdragon 8 Elite y bat. 5000 mAh.",,"256 GB, RAM 12GB",SM-S938BZTKBVO,https://samsung-bolivia.s3.amazonaws.com/product-family-item-image-image/square/product-family-item-image-image_qI9E4ZaOzVG1HFbrLPlf.png,1,Gris (#938e8a) - SKU: SM-S938BZTKBVO
7,Galaxy S25+,smartphones,9644,0,https://samsung.com.bo/smartphones/galaxy-s25,"Pantalla QHD+ 6.7, batería 4900 mAh, Armor Aluminum y Galaxy AI.",,"256 GB, RAM 12GB",SM-S936BZSJBVO,https://samsung-bolivia.s3.amazonaws.com/product-family-item-image-image/square/product-family-item-image-image_QFnUNhV2vgt5lCTS1jEr.png,1,Gris (#747477) - SKU: SM-S936BZSJBVO
8,Galaxy S25,smartphones,8258,0,https://samsung.com.bo/smartphones/galaxy-s25,"Pantalla FHD+ 6.2, batería 4000 mAh, 12GB RAM y diseño compacto.",,"256 GB, RAM 12GB",SM-S931BLBKBVO,https://samsung-bolivia.s3.amazonaws.com/product-family-item-image-image/square/product-family-item-image-image_a8UgdYvuW1GTco4Ei0jt.png,1,Celeste (#bac3d3) - SKU: SM-S931BLBKBVO
9,Galaxy-A56 5G,smartphones,4216,0,https://samsung.com.bo/smartphones/galaxy-a/galaxy-a56-5g-awesome-graphite-256gb-sm-a566ezkcbvo,"Pantalla Super AMOLED, cuerpo de 7.4mm, Super HDR y marco de aluminio.",,"256GB, RAM 12GB",SM-A566EZKCBVO,https://samsung-bolivia.s3.amazonaws.com/product-family-item-image-image/square/product-family-item-image-image_gRcO0dDIHaKpQkyrB1Ce.png,1,Grafito (#53565a) - SKU: SM-A566EZKCBVO
10,Galaxy-A56 5G,smartphones,3962,0,https://samsung.com.bo/smartphones/galaxy-a/galaxy-a56-5g-awesome-graphite-256gb-sm-a566ezkcbvo,"Pantalla Super AMOLED, cuerpo de 7.4mm, Super HDR y marco de aluminio.",,"256GB, RAM 8GB",SM-S731BDBKBVO,https://samsung-bolivia.s3.amazonaws.com/product-family-item-image-image/square/product-family-item-image-image_gRcO0dDIHaKpQkyrB1Ce.png,1,Grafito (#53565a) - SKU: SM-S731BDBKBVO
11,Galaxy-A55 5G,smartphones,4158,0,https://samsung.com.bo/smartphones/galaxy-a/galaxy-a55-5g,"Pantalla Super AMOLED, cuerpo de 7.4mm, Super HDR y marco de aluminio.",,"256GB, RAM 8GB",SM-S731BDBKBVO,https://samsung-bolivia.s3.amazonaws.com/product-family-item-image-image/square/product-family-item-image-image_PJyW02YS6HQF8Mmhk4TK.png,1,Negro (#000000) - SKU: SM-S731BDBKBVO
12,Galaxy-A36 5G,smartphones,3361,0,https://samsung.com.bo/smartphones/galaxy-a/galaxy-a36-5g-awesome-black-256gb-sm-a366ezkgbvo,"Pantalla 6.7 FHD+ 120Hz (1200 nits), Knox Vault y diseño minimalista.",,"256GB, RAM 8GB",SM-A366ELGGBVO,https://samsung-bolivia.s3.amazonaws.com/product-family-item-image-image/square/product-family-item-image-image_6vXGmDeB8ETVyJrIqut3.png,1,Verde claro (#dfefdb) - SKU: SM-A366ELGGBVO
13,Galaxy-A35,smartphones,3581,0,https://samsung.com.bo/smartphones/galaxy-a/galaxy-a35-5g,Conoce la brillante pantalla FHD+ Super AMOLED Infinity-O display de 6.6 pulgadas,,"256GB, RAM 8GB",SM-A356EZKGBVO,https://samsung-bolivia.s3.amazonaws.com/product-family-item-image-image/square/product-family-item-image-image_b2BqZAs5agKoxGz7EeOD.png,1,Negro (#2d2926) - SKU: SM-A356EZKGBVO
14,Galaxy-A26 5G,smartphones,2680,0,https://samsung.com.bo/smartphones/galaxy-a/galaxy-a26-5g-black-256gb-sm-a266mzkhbvo,"Pantalla 6.7 Super AMOLED, IP67, Batería 5000mAh y diseño Key Island.",,"256GB, RAM 6GB",SM-A266MZKDBVO,https://samsung-bolivia.s3.amazonaws.com/product-family-item-image-image/square/product-family-item-image-image_CzrmjgMaNsDTUn1v6bcu.png,1,Negro (#2d2926) - SKU: SM-A266MZKDBVO
15,Galaxy-A26 5G,smartphones,2506,0,https://samsung.com.bo/smartphones/galaxy-a/galaxy-a26-5g-black-256gb-sm-a266mzkhbvo,"Pantalla 6.7 Super AMOLED, IP67, Batería 5000mAh y diseño Key Island.",,"128 GB, RAM 6GB",SM-A266MZKDBVO,https://samsung-bolivia.s3.amazonaws.com/product-family-item-image-image/square/product-family-item-image-image_CzrmjgMaNsDTUn1v6bcu.png,1,Negro (#2d2926) - SKU: SM-A266MZKDBVO
16,Galaxy-A25,smartphones,2287,0,https://samsung.com.bo/smartphones/galaxy-a/galaxy-a25-5g-blue-black-256gb-sm-a256ezkhbvo,"Rápido, espacioso y poderoso. Todo lo que necesitas para hacer más",,"128 GB, RAM 6GB",SM-A256EZKHBVO,https://samsung-bolivia.s3.amazonaws.com/product-family-item-image-image/original/product-family-item-image-image_2fFTNI7g9YcGVydKMDP3.png,1,Azul Oscuro (#3f4251) - SKU: SM-A256EZKHBVO
17,Galaxy-A17,smartphones,2333,0,https://samsung.com.bo/smartphones/galaxy-a/galaxy-a17-black-128gb-sm-a175fzkgbvo,"Diseño moderno, cámara principal 50MP y batería de 5000mAh para todo el día.",,"256GB, RAM 8GB",SM-A175FZKGBVO,https://samsung-bolivia.s3.amazonaws.com/product-family-item-image-image/square/product-family-item-image-image_plKXQsWNif5GCyvtuD8S.png,1,Negro (#404145) - SKU: SM-A175FZKGBVO
18,Galaxy-A17,smartphones,1906,0,https://samsung.com.bo/smartphones/galaxy-a/galaxy-a17-black-128gb-sm-a175fzkgbvo,"Diseño moderno, cámara principal 50MP y batería de 5000mAh para todo el día.",,"128 GB, RAM 6GB",SM-A175FZKGBVO,https://samsung-bolivia.s3.amazonaws.com/product-family-item-image-image/square/product-family-item-image-image_plKXQsWNif5GCyvtuD8S.png,1,Negro (#404145) - SKU: SM-A175FZKGBVO
19,Galaxy-A16,smartphones,2056,0,https://samsung.com.bo/smartphones/galaxy-a/galaxy-a16-black-128gb-sm-a165mzkgbvo,"Pantalla 6.7 FHD+ sAMOLED, 6 actualizaciones de seguridad y diseño ultra delgado.",,256 GB,SM-A165MLGIBVO,https://samsung-bolivia.s3.amazonaws.com/product-family-item-image-image/square/product-family-item-image-image_XdSCZYtRWLMcFa3QbyPH.png,1,Light Green (#c0cdc4) - SKU: SM-A165MLGIBVO
20,Galaxy-A16,smartphones,1813,0,https://samsung.com.bo/smartphones/galaxy-a/galaxy-a16-black-128gb-sm-a165mzkgbvo,"Pantalla 6.7 FHD+ sAMOLED, 6 actualizaciones de seguridad y diseño ultra delgado.",,128 GB,SM-A165MLGIBVO,https://samsung-bolivia.s3.amazonaws.com/product-family-item-image-image/square/product-family-item-image-image_XdSCZYtRWLMcFa3QbyPH.png,1,Light Green (#c0cdc4) - SKU: SM-A165MLGIBVO
21,Galaxy-A06,smartphones,1259,0,https://samsung.com.bo/smartphones/galaxy-a/galaxy-a06,"Pantalla 6.7, Cámara 50MP, Carga rápida 25W y lector de huella lateral.",,"128 GB, RAM 6GB",SM-A065MZKDBVO,https://samsung-bolivia.s3.amazonaws.com/product-family-item-image-image/square/product-family-item-image-image_q2igFyLm8vBEX07xUAGu.png,1,Negro (#484d57) - SKU: SM-A065MZKDBVO
22,Galaxy-A06,smartphones,1155,0,https://samsung.com.bo/smartphones/galaxy-a/galaxy-a06,"Pantalla 6.7, Cámara 50MP, Carga rápida 25W y lector de huella lateral.",,"64 GB, RAM 4GB",SM-A065MZKDBVO,https://samsung-bolivia.s3.amazonaws.com/product-family-item-image-image/square/product-family-item-image-image_q2igFyLm8vBEX07xUAGu.png,1,Negro (#484d57) - SKU: SM-A065MZKDBVO
23,Galaxy-A05s,smartphones,1398,0,https://samsung.com.bo/smartphones/galaxy-a/galaxy-a05s-light-violet-128gb-sm-a057mlvgltl,"El Galaxy A05s: potencia Snapdragon, cámara 50MP y batería 5000 mAh. ¡Estilo y rendimiento accesibles!",,"128GB, RAM 4GB",SM-A057MLVGBVO,https://samsung-bolivia.s3.amazonaws.com/product-family-item-image-image/square/product-family-item-image-image_HWoSn1O3YCMgQsTl9wib.png,1,Violeta (#b4b5df) - SKU: SM-A057MLVGBVO
24,Galaxy-A05,smartphones,1097,0,https://samsung.com.bo/smartphones/galaxy-a/galaxy-a05-silver-64gb-sm-a055mzsaltm,"Pantalla HD+ inmersiva, cámara 50MP y batería 5000 mAh. ¡Esencial, potente y accesible!",,"128GB, RAM 4GB",SM-A055MZSABVO,https://samsung-bolivia.s3.amazonaws.com/product-family-item-image-image/square/product-family-item-image-image_H4yrzjgaoxPnts8SOGup.png,1,Plata (#cbc6c4) - SKU: SM-A055MZSABVO
25,Galaxy-A05,smartphones,959,0,https://samsung.com.bo/seriegalaxya,"Pantalla HD+ inmersiva, cámara 50MP y batería 5000 mAh. ¡Esencial, potente y accesible!",,"64GB, RAM 4GB",SM-A055MZSABVO,https://samsung-bolivia.s3.amazonaws.com/product-family-item-image-image/square/product-family-item-image-image_H4yrzjgaoxPnts8SOGup.png,1,Plata (#cbc6c4) - SKU: SM-A055MZSABVO
26,Galaxy Tab S10 Ultra Wi-Fi + Keyboard Cover + S Pen,tablets,13283,0,https://www.samsung.com/pe/tablets/galaxy-tab-s/galaxy-tab-s10-ultra-silver-512gb-sm-x920nzshpeo/?srsltid=AfmBOoooPXFWney1ViK4vM1ml7kjGDRAGoAhpGYK84rrTAxdRx04Rz5P,"Pantalla 14.6 Dynamic AMOLED 2x, cuerpo de 718g y resistencia IP68.",,"256GB, RAM 12GB",SM-X920NZADBVO,https://samsung-bolivia.s3.amazonaws.com/product-family-item-image-image/square/product-family-item-image-image_ak0VR2Sfu7AGJmtyDW81.png,1,Gray (#606e81) - SKU: SM-X920NZADBVO
27,Galaxy Tab S9 5G + S Pen,tablets,11319,0,https://samsung.com.bo/tablets/galaxy-tab-s/galaxy-tab-s9-graphite-256gb-sm-x716bzaebvo,"Pantalla Dynamic AMOLED 2X, Vision Booster y procesador Snapdragon 8 Gen 2.",,"256GB, RAM 12GB",SM-X716BZAEBVO,https://samsung-bolivia.s3.amazonaws.com/product-family-item-image-image/square/product-family-item-image-image_a47qwBkQmGSDLxrnHbl2.png,1,Graphite (#545356) - SKU: SM-X716BZAEBVO
28,Galaxy Tab S8 Ultra Wi-Fi + Keyboard Cover + S Pen,tablets,9702,0,https://samsung.com.bo/tablets/galaxy-tab-s8-ultra,"Pantalla 14.6 Super AMOLED, doble cámara frontal 12MP y batería 11200mAh.",,"256GB, RAM 12GB",SM-X900NZADBVO,https://samsung-bolivia.s3.amazonaws.com/product-family-item-image-image/original/product-family-item-image-image_r9kBXbZ7EHPeI415nwMF.png,1,Graphite (#494d53) - SKU: SM-X900NZADBVO
29,Galaxy Tab S8 Ultra 5G + Keyboard Cover + S Pen,tablets,10857,0,https://samsung.com.bo/tablets/galaxy-tab-s/galaxy-tab-s8-ultra-5g-graphite-256gb-sm-x906bzadbvo,"Pantalla masiva 14.6 sAMOLED, conectividad 5G, doble cámara frontal y batería 11200mAh.",,"256GB, RAM 12GB",SM-X906BZADBVO,https://samsung-bolivia.s3.amazonaws.com/product-family-item-image-image/square/product-family-item-image-image_Ym12EgZftRjDsOCp9o6i.png,1,Graphite (#494d53) - SKU: SM-X906BZADBVO
30,Galaxy Tab S10 FE+ Wi-Fi + Cover + S Pen,tablets,7854,0,https://samsung.com.bo/tablets/galaxy-tab-s/galaxy-tab-s10-ultra-gray-256gb-sm-x920nzadbvo,"Pantalla masiva de 13.1, resistencia al agua IP68 y S Pen Creator incluido.",,"128GB, RAM 8GB",SM-X620NZSABVO,https://samsung-bolivia.s3.amazonaws.com/product-family-item-image-image/square/product-family-item-image-image_2k8sHTFRoQNY0nq694dh.png,1,Silver (#c0c0c0) - SKU: SM-X620NZSABVO
31,Galaxy Tab S10 Lite 5G + Cover + S Pen,tablets,4851,0,https://samsung.com.bo/tablets/galaxy-tab-s/galaxy-tab-s10-lite-gray-128gb-sm-x406bzadbvo/,"Pantalla con Low Blue Light, soporte MicroSD hasta 2TB y diseño ligero.",,"128GB, RAM 6GB",SM-X406BZADBVO,https://samsung-bolivia.s3.amazonaws.com/product-family-item-image-image/square/product-family-item-image-image_WxlKTwnyCDmuqzFNbOEc.png,3,Gris (#75787b) - SKU: SM-X406BZADBVO | Plata (#c7c8ca) - SKU: SM-X406BZSDBVO | Rojo (#d85f67) - SKU: SM-X406BZRDBVO
32,Galaxy Tab S6 Lite + S Pen,tablets,3869,0,https://samsung.com.bo/tablets/galaxy-tab-s/galaxy-tab-s6-lite-10-4-inch-gray-64gb-wi-fi-sm-p625nzaabvo,"Diseño metálico 10.4, S Pen magnético, One UI y sonido AKG.",,"64GB, RAM 4GB",SM-P615NZAUBVO,https://samsung-bolivia.s3.amazonaws.com/product-family-item-image-image/square/product-family-item-image-image_cK7fN9BtLdoA2XSxZHq4.png,5,Gray (#75787b) - SKU: SM-P615NZAUBVO | Blue (#3355e7) - SKU: SM-P615NZBUBVO | Pink (#ffc6f4) - SKU: SM-P615NZIUBVO | Mint (#d2deda) - SKU: SM-P625NLGABVO | Dark Gray (#312e31) - SKU: SM-P625NZAABVO
33,Galaxy Tab A9+ 5G,tablets,2714,0,https://samsung.com.bo/tablets/galaxy-tab-a/galaxy-tab-a9-plus-5g-gray-64gb-sm-x216bzaabvo,"Gran pantalla envolvente, cámara versátil y un diseño elegante para tu entretenimiento diario.",,"64GB, RAM 4GB",SM-X216BZAABVO,https://samsung-bolivia.s3.amazonaws.com/product-family-item-image-image/square/product-family-item-image-image_GVSg1FfkhnQMwBlorKJP.png,1,Gray (#2a3244) - SKU: SM-X216BZAABVO
34,Galaxy Tab A9,tablets,1386,0,https://samsung.com.bo/tablets/galaxy-tab-a/galaxy-tab-a9-wifi-mystic-navy-128gb-sm-x115nzael12,"Sumérgete en la Galaxy Tab A9: pantalla compacta, sonido Dolby Atmos, rendimiento fluido y diseño metálico portátil.",,"128GB, RAM 8GB",SM-X115NZAEL12,https://samsung-bolivia.s3.amazonaws.com/product-family-item-image-image/square/product-family-item-image-image_wOeUva34LZ5by708tVNP.png,1,Gray (#2a3244) - SKU: SM-X115NZAEL12
35,Galaxy Watch8 44mm,smartwatches,3696,0,https://samsung.com.bo/galaxy-watch/galaxy-watch8-44mm-silver-bluetooth-sm-l330nzsalta,"Diseño ultra delgado, procesador de 3nm, sensor BioActive avanzado y GPS de doble frecuencia.",,,SM-L330NZSALTA,https://samsung-bolivia.s3.amazonaws.com/product-family-item-image-image/square/product-family-item-image-image_Cni83qS4IomVYGdFb7P6.png,2,Silver (#c7c8ca) - SKU: SM-L330NZSALTA | Graphite (#5b6166) - SKU: SM-L330NDAALTA
36,Galaxy Watch8 40mm,smartwatches,3407,0,https://samsung.com.bo/galaxy-watch/galaxy-watch8-40mm-graphite-bluetooth-sm-l320ndaalta,"Diseño acolchado icónico, monitor de sueño con IA y pantalla más brillante.",,,SM-L320NZSALTA,https://samsung-bolivia.s3.amazonaws.com/product-family-item-image-image/square/product-family-item-image-image_9uv4ihWUsJkdFA3zZeg2.png,2,Silver (#c7c8ca) - SKU: SM-L320NZSALTA | Graphite (#5b6166) - SKU: SM-L320NDAALTA
37,Galaxy Watch7 44mm,smartwatches,3234,0,https://samsung.com.bo/watches/galaxy-watch/galaxy-watch7-44mm-green-bluetooth-sm-l310nzgalta,"Procesador de 3nm, GPS de doble frecuencia y monitoreo de salud con Galaxy AI.",,,SM-L310NZGALTA,https://samsung-bolivia.s3.amazonaws.com/product-family-item-image-image/square/product-family-item-image-image_I42cMghpFfwX8o0Qb1JV.png,2,Green (#6e6d63) - SKU: SM-L310NZGALTA | Silver (#bdc0bf) - SKU: SM-L310NZSALTA
38,Galaxy Watch7 40mm,smartwatches,3003,0,https://samsung.com.bo/watches/galaxy-watch/galaxy-watch7-40mm-green-bluetooth-sm-l300nzgalta,"Compacto y potente, control de gestos doble pellizco y batería de larga duración.",,,SM-L300NZGALTA,https://samsung-bolivia.s3.amazonaws.com/product-family-item-image-image/square/product-family-item-image-image_PHQG26DIV3dK5LlOoj1u.png,2,Verde (#6e6d63) - SKU: SM-L300NZGALTA | Cream (#f0eae0) - SKU: SM-L300NZEALTA
39,Galaxy Watch6 Classic 47mm,smartwatches,4216,0,https://samsung.com.bo/watches/galaxy-watch/galaxy-watch6-40mm-graphite-bluetooth-sm-r930nzkalta,"Bisel giratorio físico, pantalla de cristal de zafiro y diseño clásico de gran formato.",,,SM-R960NZSALTA,https://images.samsung.com/is/image/samsung/p6pim/py/2307/gallery/py-galaxy-watch6-classic-r965-sm-r960nzsalta-537413468?$Q90_1920_1280_F_PNG$,2,Silver (#c7c8ca) - SKU: SM-R960NZSALTA | Black (#404145) - SKU: SM-R960NZKALTA
40,Galaxy Watch6 Classic 43mm,smartwatches,3869,0,https://samsung.com.bo/watches/galaxy-watch/galaxy-watch6-40mm-graphite-bluetooth-sm-r930nzkalta,"Elegancia atemporal con bisel giratorio, seguimiento de salud 24/7 y diseño refinado.",,,SM-R950NZKAPHE,https://images.samsung.com/is/image/samsung/p6pim/es/2307/gallery/es-galaxy-watch6-classic-r955-sm-r950nzsaphe-537448677?$Q90_684_547_JPG$,2,Silver (#c7c8ca) - SKU: SM-R950NZKAPHE | Black (#404145) - SKU: SM-R950NZKAPHE
41,Galaxy Watch6 44mm,smartwatches,3061,0,https://samsung.com.bo/watches/galaxy-watch/galaxy-watch6-40mm-graphite-bluetooth-sm-r930nzkalta,Pantalla más amplia y bisel reducido para maximizar tu visión y bienestar.,,,SM-R940NZSALTA,https://samsung-bolivia.s3.amazonaws.com/product-family-item-image-image/square/product-family-item-image-image_U5bBtS1grukPQy8FDwqH.png,2,Silver (#c7c8ca) - SKU: SM-R940NZSALTA | Graphite (#4a4a4d) - SKU: SM-R940NZKALTA
42,Galaxy Watch6 40mm,smartwatches,2657,0,https://samsung.com.bo/watches/galaxy-watch/galaxy-watch6-40mm-graphite-bluetooth-sm-r930nzkalta,Pantalla más amplia y bisel reducido para maximizar tu visión y bienestar.,,,SM-R930NZEALTA,https://samsung-bolivia.s3.amazonaws.com/product-family-item-image-image/square/product-family-item-image-image_3eaB1ZH8XMfgArRizST6.png,2,Gold (#f0eae0) - SKU: SM-R930NZEALTA | Graphite (#4a4a4d) - SKU: SM-R930NZKALTA
43,Galaxy Watch5 Pro,smartwatches,2657,0,https://samsung.com.bo/watches/galaxy-watch/galaxy-watch5-pro-black-titanium-bluetooth-sm-r920nzkalta,Batería de larga duración y cuerpo de titanio diseñado para la aventura extrema.,,,SM-R920NZKALTA,https://samsung-bolivia.s3.amazonaws.com/product-family-item-image-image/square/product-family-item-image-image_OQZW4xiHv7MwbqRgefo1.png,2,Negro (#404145) - SKU: SM-R920NZKALTA | Gris Titanio (#867e74) - SKU: SM-R920NZTALTA
44,Galaxy Watch5 44mm,smartwatches,2426,0,https://samsung.com.bo/watches/galaxy-watch/galaxy-watch5-44mm-graphite-bluetooth-sm-r910nzaalta,Tecnología de sensor bioactivo para un análisis integral de sueño y salud diaria.,,,SM-R910NZAALTA,https://samsung-bolivia.s3.amazonaws.com/product-family-item-image-image/square/product-family-item-image-image_U439qx2GkFwOBPhb8IQo.png,3,Graphite (#4a4a4d) - SKU: SM-R910NZAALTA | Zafiro (#6b7d98) - SKU: SM-R910NZBALTA | Plateado (#c7c8c9) - SKU: SM-R910NZSALTA
45,Galaxy Watch5 40mm,smartwatches,1964,0,https://samsung.com.bo/watches/galaxy-watch/galaxy-watch5-40mm-silver-bluetooth-sm-r900nzsalta,Tecnología de sensor bioactivo para un análisis integral de sueño y salud diaria.,,,SM-R900NZSALTA,https://samsung-bolivia.s3.amazonaws.com/product-family-item-image-image/square/product-family-item-image-image_P1oG408CDeJMg92NFqIu.png,3,Plateado (#c7c8c9) - SKU: SM-R900NZSALTA | Graphite (#4a4a4d) - SKU: SM-R900NZAALTA | Oro rosado (#f0cfc3) - SKU: SM-R900NZDALTA
46,Galaxy Watch4 40mm,smartwatches,1733,0,https://samsung.com.bo/watches/galaxy-watch/galaxy-watch4-pink-gold-bluetooth-sm-r860nzdalta,Diseño icónico y compacto con medición de composición corporal para tu vida fitness.,,,SM-R860NZDALTA,https://samsung-bolivia.s3.amazonaws.com/product-family-item-image-image/square/product-family-item-image-image_Fw8gsRPMqfK3Tj0SzeB5.png,3,Oro Rosado (#ffc0cb) - SKU: SM-R860NZDALTA | Negro (#404145) - SKU: SM-R860NZKALTA | Plata (#c0c0c0) - SKU: SM-R860NZSALTA
47,Galaxy Watch FE,smartwatches,2137,0,https://samsung.com.bo/watches/galaxy-watch/galaxy-watch-fe-40mm-silver-bluetooth-sm-r861nzsalta,Las funciones esenciales de bienestar y conectividad Galaxy a tu alcance cada día.,,,SM-R861NZSALTA,https://samsung-bolivia.s3.amazonaws.com/product-family-item-image-image/square/product-family-item-image-image_no1kELFZ2z4lgwKMY7pe.png,3,Silver (#c0c0c0) - SKU: SM-R861NZSALTA | Negro (#404145) - SKU: SM-R861NZKALTA | Pink Gold (#d6b6a8) - SKU: SM-R861NIDALTA
48,"50"""" Crystal UHD 4K DU8000 Smart TV (2024)",televisions,3629,0,https://samsung.com.bo/tvs/uhd-4k-tv/du8000-50-inch-crystal-uhd-4k-tizen-os-smart-tv-un50du8000gxzs,Sumergete en mil millones de tonos de color para una imagen clara y llena de detalle,,,UN50DU8000GXZS,https://samsung-bolivia.s3.amazonaws.com/product-family-item-image-image/square/product-family-item-image-image_KDOShpEvQ4lBfnFIo5xq.png,1,Negro (#000000) - SKU: UN50DU8000GXZS
49,"55"""" Crystal UHD 4K DU8000 Smart TV (2024)",televisions,4366,0,https://samsung.com.bo/tvs/uhd-4k-tv/du8000-55-inch-crystal-uhd-4k-tizen-os-smart-tv-un55du8000gxzs,Sumergete en mil millones de tonos de color para una imagen clara y llena de detalle,,,UN55DU8000GXZS,https://samsung-bolivia.s3.amazonaws.com/product-family-item-image-image/square/product-family-item-image-image_ImkfcVMrtUGxSCTOywjK.png,1,Negro (#000000) - SKU: UN55DU8000GXZS
50,"65"""" Crystal UHD 4K U8000F Smart TV",televisions,7040,0,https://samsung.com.bo/tvs/uhd-4k-tv/u8000f-65-inch-crystal-uhd-4k-smart-tv-un65u800fgxzs,Sumergete en mil millones de tonos de color para una imagen clara y llena de detalle,,,UN65U8000FGXZS,https://samsung-bolivia.s3.amazonaws.com/product-family-item-image-image/square/product-family-item-image-image_QpGz43vgsMNwIVbXqoLF.png,1,Negro (#000000) - SKU: UN65U8000FGXZS
51,65 The Frame QLED 4K Smart TV (2024),televisions,11000,0,https://samsung.com.bo/lifestyle-tvs/the-frame/ls03d-65-inch-black-qn65ls03dagxzs,Televisor o cuadro de arte tu eliges; disfruta de tu pantalla anti-reflejo con matte display,,,QN65LS03DAGXZS,https://samsung-bolivia.s3.amazonaws.com/product-family-item-image-image/square/product-family-item-image-image_m8TwsQ7c1RFViLxje3vO.png,1,Negro (#000000) - SKU: QN65LS03DAGXZS
52,98 Crystal UHD 4K DU9000 Smart TV (2024),televisions,39078,0,https://samsung.com.bo/tvs/uhd-4k-tv/du9000-98-inch-crystal-uhd-4k-tizen-os-smart-tv-un98du9000gxzs,Sumergete en mil millones de tonos de color para una imagen clara y llena de detalle,,,UN98DU9000GXZS,https://samsung-bolivia.s3.amazonaws.com/product-family-item-image-image/square/product-family-item-image-image_Uh2PdWwkltZ9JBaoFK1u.png,1,Negro (#000000) - SKU: UN98DU9000GXZS
53,85 QLED 4K Q70A Smart TV (2021),televisions,16499,0,https://samsung.com.bo/tvs/qled,Hasta 100% de volumen de color con brillo que resalta incluso de dia,,,QN85Q70AAGXZS,https://samsung-bolivia.s3.amazonaws.com/product-family-item-image-image/square/product-family-item-image-image_Je9G8vLxcWoRBu6Qj3CO.png,1,Negro (#000000) - SKU: QN85Q70AAGXZS
54,50 QLED Q7FA 4K Vision Al Smart TV (2025),televisions,4488,0,https://samsung.com.bo/tvs/qled-tv/q7f-50-inch-qled-4k-smart-tv-qn50q7faagxzs,Hasta 100% de volumen de color con brillo que resalta incluso de dia,,,QN50Q7FAAGXZS,https://samsung-bolivia.s3.amazonaws.com/product-family-item-image-image/square/product-family-item-image-image_5GWkeRcMV4v2oZByOLHb.png,1,Negro (#000000) - SKU: QN50Q7FAAGXZS
55,55 QLED Q7FA 4K Vision Al Smart TV (2025),televisions,5676,0,https://samsung.com.bo/tvs/qled-tv/q7f-55-inch-qled-4k-smart-tv-qn55q7faagxzs,Hasta 100% de volumen de color con brillo que resalta incluso de dia,,,QN55Q6FAAGXZS,https://samsung-bolivia.s3.amazonaws.com/product-family-item-image-image/square/product-family-item-image-image_J19o5VW0lxjv8ZAPXb3q.png,1,Negro (#000000) - SKU: QN55Q6FAAGXZS
56,65 QLED Q7FA 4K Vision Al Smart TV (2025),televisions,7920,0,https://samsung.com.bo/tvs/qled-tv/q7f-65-inch-qled-4k-smart-tv-qn65q7faagxzs,Hasta 100% de volumen de color con brillo que resalta incluso de dia,,,QN65Q6FAAGXZS,https://samsung-bolivia.s3.amazonaws.com/product-family-item-image-image/square/product-family-item-image-image_y3SazKNiqZL2GgWMDAB1.png,1,Negro (#000000) - SKU: QN65Q6FAAGXZS
57,75 QLED Q7FA 4K Vision Al Smart TV (2025),televisions,12540,0,https://samsung.com.bo/tvs/qled-tv/q7f-75-inch-qled-4k-smart-tv-qn75q7faagxzs,Hasta 100% de volumen de color con brillo que resalta incluso de dia,,,QN75Q6FAAGXZS,https://samsung-bolivia.s3.amazonaws.com/product-family-item-image-image/square/product-family-item-image-image_Fh0QtAWP2TrMlOyfKH3i.png,1,Negro (#000000) - SKU: QN75Q6FAAGXZS
58,Televisor Smart 85 QLED 4K Q7F (2025),televisions,18480,0,https://samsung.com.bo/tvs/qled-tv/q7f-85-inch-qled-4k-smart-tv-qn85q7faagxzs,Hasta 100% de volumen de color con brillo que resalta incluso de dia,,,QN85Q7FAAGXZS,https://samsung-bolivia.s3.amazonaws.com/product-family-item-image-image/square/product-family-item-image-image_y3SazKNiqZL2GgWMDAB1.png,1,Negro (#000000) - SKU: QN85Q7FAAGXZS
59,65 OLED 4K S85F Smart TV (2025),televisions,18480,0,https://samsung.com.bo/tvs/oled-tv/s90f-65-inch-oled-4k-smart-tv-qn65s90faexzs,"Tecnología OLED con negros profundos, Pantone Validated y diseño LaserSlim.",,,QN65S90FAEXZS,https://samsung-bolivia.s3.amazonaws.com/product-family-item-image-image/square/product-family-item-image-image_aBiCzY5V7jtclEme09N6.png,1,Negro (#000000) - SKU: QN65S90FAEXZS
60,"77"""" OLED S85F 4K Vision AI Smart TV (2025)",televisions,29040,0,https://shop.samsung.com.bo/tvs/oled-tv/s90f-77-inch-oled-4k-smart-tv-qn77s90faexzs,"Tecnología OLED con negros profundos, Pantone Validated y diseño LaserSlim.",,,QN77S85FAEXZS,https://images.samsung.com/is/image/samsung/p6pim/cl/qn77s85faexzs/gallery/cl-oled-s85f-qn77s85faexzs-545961780?$Q90_1368_1094_F_JPG$,1,Negro (#000000) - SKU: QN77S85FAEXZS
61,Q-Series Soundbar HW-Q800F 5.1.2 Subwoofer (2025),otros,5280,0,#,Altavoces laterales para una inmersión acústica total.,,,HW-Q800F/ZS,https://images.samsung.com/is/image/samsung/p6pim/cl/hw-q800f-zs/gallery/cl-q-series-soundbar-hw-q800f-hw-q800f-zs-546833215?$Q90_1920_1280_F_PNG$,1,Negro (#000000) - SKU: HW-Q800F/ZS
62,Q-Series Soundbar HW-QS700F 3.1.2 Subwoofer,otros,4488,0,#,Excelente calidad de sonido en cualquier configuración. El diseño inteligente se ve bien tanto en su posición vertical como horizontal.,,,HW-QS700F/ZS,https://images.samsung.com/is/image/samsung/p6pim/cl/hw-qs700f-zs/gallery/cl-q-series-soundbar-hw-qs700f-hw-qs700f-zs-547208841?$Q90_1368_1094_F_JPG$,1,Negro (#000000) - SKU: HW-QS700F/ZS
63,Lavadora de carga superior con dosificador Magic Dispenser,washing_machines,4043,0,https://samsung.com.bo/washers-and-dryers/washing-machines/top-load-13kg-white-wa13t5260bw-zs,"Tecnología Wobble anti-enredos, Motor DIT y diseño moderno.",,,WA13T5260BW/ZS,https://samsung-bolivia.s3.amazonaws.com/product-family-item-image-image/square/product-family-item-image-image_JT9UujprqxAOCeYIymol.png,1,Blanco (#ffffff) - SKU: WA13T5260BW/ZS
64,Lavadora de carga superior con dosificador Magic Dispenser,washing_machines,4274,0,https://samsung.com.bo/washers-and-dryers/washing-machines/top-load-13kg-gray-wa13t5260by-zs,"Tecnología Wobble anti-enredos, Motor DIT y diseño moderno.",,,WA13T5260BY/ZS,https://samsung-bolivia.s3.amazonaws.com/product-family-item-image-image/square/product-family-item-image-image_EkvnsOYoGfTQXcBILRhS.png,1,Gris (#777777) - SKU: WA13T5260BY/ZS
65,Lavadora Carga Superior 13Kg c/ Wobble,washing_machines,4043,0,https://samsung.com.bo/washers-and-dryers/washing-machines/wa5000c-top-load-ecobubble-digital-inverter-technology-super-speed-13kg-white-wa13cg5441bwzs,"Tecnología Wobble, Lavado Intenso y ahorro de energía.",,,WA13CG5441BWZS,https://samsung-bolivia.s3.amazonaws.com/product-family-item-image-image/square/product-family-item-image-image_su85rYTHDQ31oNcFkqKC.png,1,White (#ffffff) - SKU: WA13CG5441BWZS
66,Lavadora Carga Superior 13Kg c/ Wobble,washing_machines,4274,0,https://samsung.com.bo/washers-and-dryers/washing-machines/wa5000c-top-load-ecobubble-digital-inverter-technology-super-speed-13kg-white-wa13cg5441bwzs,"Tecnología Wobble, Lavado Intenso y ahorro de energía.",,,WA13CG5441BDZS,https://samsung-bolivia.s3.amazonaws.com/product-family-item-image-image/square/product-family-item-image-image_Uo1X7Wfh25ta9TM0Oszx.png,1,Gray (#808080) - SKU: WA13CG5441BDZS
67,Lavadora Carga Superior 15Kg c/ Wobble,washing_machines,4736,0,https://samsung.com.bo/washers-and-dryers/washing-machines/top-load-15kg-white-wa15t5260bw-zs,"Capacidad 15Kg, Pulsador Wobble y 20 años de garantía en motor.",,,WA15T5260BY/ZS,https://samsung-bolivia.s3.amazonaws.com/product-family-item-image-image/square/product-family-item-image-image_TMWkD26xISQhd3vbeO7F.png,1,Gris (#777777) - SKU: WA15T5260BY/ZS
68,Lavadora Carga Superior 15Kg c/ Wobble,washing_machines,4505,0,https://samsung.com.bo/washers-and-dryers/washing-machines/top-load-15kg-white-wa15t5260bw-zs,"Capacidad 15Kg, Pulsador Wobble y 20 años de garantía en motor.",,,WA15T5260BW/ZS,https://samsung-bolivia.s3.amazonaws.com/product-family-item-image-image/square/product-family-item-image-image_zn79NiAjgpXSa02KERrW.png,1,White (#ffffff) - SKU: WA15T5260BW/ZS
69,Lavadora Carga Superior 19Kg c/ Eco Bubble,washing_machines,6468,0,https://samsung.com.bo/washers-and-dryers/washing-machines/wa6000c-top-load-ecobubble-digital-inverter-technology-super-speed-19kg-gray-wa19cg6441bdzs,"EcoBubble con Dual Storm, Speed Spray (Lavado 31min) y SmartThings.",,,WA19CG6441BDZS,https://samsung-bolivia.s3.amazonaws.com/product-family-item-image-image/square/product-family-item-image-image_gkcsF4KAm19xdWathDey.png,1,Gris (#808080) - SKU: WA19CG6441BDZS
70,Lavadora Carga Superior 19Kg c/ Eco Bubble,washing_machines,6699,0,https://samsung.com.bo/washers-and-dryers/washing-machines/wa6000c-top-load-ecobubble-digital-inverter-technology-super-speed-19kg-gray-wa19cg6441bdzs,"EcoBubble con Dual Storm, Speed Spray (Lavado 31min) y SmartThings.",,,WA19CG6745BVZS,https://samsung-bolivia.s3.amazonaws.com/product-family-item-image-image/square/product-family-item-image-image_4ALNrH3PaGJvw50B6Ykz.png,1,Negro (#000000) - SKU: WA19CG6745BVZS
71,Lavadora Carga Superior 19Kg c/ Wobble,washing_machines,6353,0,https://samsung.com.bo/washers-and-dryers/washing-machines/top-load-19kg-black-caviar-wa19t6260bv-bo,"Lavadora de carga superior con dosificador Magic Dispenser, lavado intenso y suavizante potente",,,WA19T6260BY/BO,https://samsung-bolivia.s3.amazonaws.com/product-family-item-image-image/square/product-family-item-image-image_2EcOMLa84g03ws7PhJld.png,1,Gris (#808080) - SKU: WA19T6260BY/BO
72,Lavadora Carga Superior 22Kg c/ Bubble Storm,washing_machines,9818,0,https://samsung.com.bo/washers-and-dryers/washing-machines/ww8800a-22kg-black-wa22a8370gv-bo,"Heavy Duty+, BubbleStorm para lavado rápido y gran capacidad 22kg.",,,WA22A8370GV/BO,https://samsung-bolivia.s3.amazonaws.com/product-family-item-image-image/square/product-family-item-image-image_Efvjbaz4T2p1qsVgYC8N.png,1,Negro (#000000) - SKU: WA22A8370GV/BO
73,Lavadora Carga Frontal 10.5Kg c/ Eco Bubble,washing_machines,6468,0,https://samsung.com.bo/washers-and-dryers/washing-machines/ww5000t-front-loading-hygiene-steam-dit-10-5kg-white-ww10ta040ce-bo,"Lavado con IA (AI Control), EcoBubble y Dispensador Automático.",,,WW10TA040CX/BO,https://samsung-bolivia.s3.amazonaws.com/product-family-item-image-image/square/product-family-item-image-image_krILGRP5XyFmbe0hjVWJ.png,1,Gris (#808080) - SKU: WW10TA040CX/BO
74,Lavadora Carga Frontal 10.5Kg c/ Eco Bubble,washing_machines,6122,0,https://samsung.com.bo/washers-and-dryers/washing-machines/ww5000t-front-loading-hygiene-steam-dit-10-5kg-white-ww10ta040ce-bo,"Lavado con IA (AI Control), EcoBubble y Dispensador Automático.",,,WW10TA040CE/BO,https://samsung-bolivia.s3.amazonaws.com/product-family-item-image-image/square/product-family-item-image-image_3uKoTkXGRYyDQgqJ6Sbz.png,1,Blanco (#ffffff) - SKU: WW10TA040CE/BO
75,Lavadora Carga Superior 9Kg c/ Wobble,washing_machines,3119,0,https://samsung.com.bo/washers/wa90h4400sw,"Modelo compacto, Wobble Technology y secado de aire turbo.",,,WA90H4400SW,https://samsung-bolivia.s3.amazonaws.com/product-family-item-image-image/square/product-family-item-image-image_dxZmHuRywXpgqTN0LfMe.png,1,Blanco (#ffffff) - SKU: WA90H4400SW
76,Lavadora de carga superior 9Kg con tecnología Digital Inverter,washing_machines,3119,0,https://samsung.com.bo/washers-and-dryers/washing-machines/wa4000c-top-load-ecobubble-digital-inverter-technology-super-speed-9kg-light-gray-wa90cg4240byzs,Disfruta de un rendimiento duradero con la Tecnología Digital Inverter,,,WA90CG4240BYZS,https://samsung-bolivia.s3.amazonaws.com/product-family-item-image-image/square/product-family-item-image-image_te30L7Zgu4Da1fjSKrw6.png,1,Gray (#808080) - SKU: WA90CG4240BYZS
77,Lavadora Carga Frontal 8.5Kg c/ Lavado Rápido,washing_machines,4736,0,https://samsung.com.bo/washers-and-dryers/washing-machines/front-load-8-5kg-white-ww85t3040bw-bo,"Motor Digital Inverter, Lavado Rápido 18min y Limpieza de Tambor.",,,WW85T3040BW/BO,https://samsung-bolivia.s3.amazonaws.com/product-family-item-image-image/square/product-family-item-image-image_DOBy17IHf4CUA8VwtipF.png,1,Blanco (#ffffff) - SKU: WW85T3040BW/BO
78,Lavadora de carga superior 8Kg con tecnología Digital Inverter,washing_machines,2888,0,https://samsung.com.bo/washers-and-dryers/washing-machines/wa4000c-top-load-ecobubble-digital-inverter-technology-super-speed-8kg-white-wa80cg4240bwzs,Disfruta de un rendimiento duradero con la Tecnología Digital Inverter,,,WA80CG4240BWZS,https://samsung-bolivia.s3.amazonaws.com/product-family-item-image-image/square/product-family-item-image-image_xiIa67VGcX5KmtYyA8fJ.png,1,Blanco (#ffffff) - SKU: WA80CG4240BWZS
79,Lavadora Carga Superior 8Kg c/ Wobble,washing_machines,2888,0,https://samsung.com.bo/lavadoras/WA80H4200SW,"Diseño duradero, tina de diamantes y panel de control trasero.",,,WA80H4200SW,https://samsung-bolivia.s3.amazonaws.com/product-family-item-image-image/square/product-family-item-image-image_CFsI3gma41uDhQrA7LS8.png,1,Blanco (#ffffff) - SKU: WA80H4200SW
80,Lavadora Secadora 12.5Kg/7Kg con IA,washing_machines,6930,0,https://samsung.com.bo/washers-and-dryers/washer-dryer-combo/wd7500t-front-loading-eco-bubble-quickdrive-ai-control-12-5kg-gray-wd12t754dbn-bo,"Lavaseca 2 en 1, EcoBubble, Air Wash (Desodorizar) y AI Control.",,,WD12T704DBX/ZS,https://samsung-bolivia.s3.amazonaws.com/product-family-item-image-image/square/product-family-item-image-image_LMZcfWrj4VIyn51mxdGR.png,1,Gray (#808080) - SKU: WD12T704DBX/ZS
81,Refrigerador Top Freezer 234L c/ All Around Cooling,refrigerators,4736,0,https://samsung.com.bo/refrigerators/top-mount-freezer/refrigerator-234l-silver-rt22farads8-zs,"Sistema All-Around Cooling, Digital Inverter y compresor duradero (234L útil).",,234L,RT22FARADS8/ZS,https://samsung-bolivia.s3.amazonaws.com/product-family-item-image-image/square/product-family-item-image-image_5COYXBSuT1VHEmLe0tAG.png,1,Plateado (#dbdbdb) - SKU: RT22FARADS8/ZS
82,Refrigerador Top Mount Freezer 301L c/ Space Max,refrigerators,6237,0,https://samsung.com.bo/refrigerators/top-mount-freezer/rt5300c-top-mount-freezer-spacemax-301l-silver-rt31cg5420s9zs,"Tecnología SpaceMax (paredes finas), All-Around Cooling y 301L efectivos.",,301L,RT31CG5420S9ZS,https://samsung-bolivia.s3.amazonaws.com/product-family-item-image-image/square/product-family-item-image-image_sljpqH4KTY7JcAitRfzn.png,1,Silver (#c0c0c0) - SKU: RT31CG5420S9ZS
83,Refrigerador Top Mount Freezer 407 L con Space Max,refrigerators,9298,0,https://samsung.com.bo/refrigerators/top-mount-freezer/rt6300c-top-mount-freezer-optimal-fresh-and-space-max-407l-black-rt42cg6720b1zs,El doble de frescura con mayor capacidad,,407L,RT42CG6720B1ZS,https://samsung-bolivia.s3.amazonaws.com/product-family-item-image-image/square/product-family-item-image-image_PXyHfSYxJigNBdR6UCtT.png,1,Negro (#000000) - SKU: RT42CG6720B1ZS
84,Refrigerador Top Mount Freezer 407 L con Space Max,refrigerators,4274,0,https://samsung.com.bo/refrigerators/top-mount-freezer/rt6300c-top-mount-freezer-optimal-fresh-and-space-max-384l-silver-rt38cg6720s9zs,El doble de frescura con mayor capacidad,,407L,RT38CG6720S9ZS,https://samsung-bolivia.s3.amazonaws.com/product-family-item-image-image/square/product-family-item-image-image_vohCPp2fGgDBs64nty19.png,1,Plateado (#dbdbdb) - SKU: RT38CG6720S9ZS
85,Refrigerador Side by Side 490 L con Twist Ice Maker,refrigerators,12058,0,https://samsung.com.bo/refrigerators/side-by-side/rs3000bm-side-by-side-modern-and-sleek-design-490l-black-rs52b3000b4-zs,"Diseño minimalista Side by Side, All-Around Cooling y compresor silencioso.",,490L,RS52B3000B4/ZS,https://samsung-bolivia.s3.amazonaws.com/product-family-item-image-image/square/product-family-item-image-image_6d7ECzRqcX2IgZFSH1Vt.png,1,Black (#000000) - SKU: RS52B3000B4/ZS
86,Refrigerador Side by Side 490 L con Twist Ice Maker,refrigerators,11365,0,https://samsung.com.bo/refrigerators/side-by-side/rs3000bm-side-by-side-modern-and-sleek-design-490l-black-rs52b3000b4-zs,"Diseño minimalista Side by Side, All-Around Cooling y compresor silencioso.",,490L,RS52B3000M9/ZS,https://samsung-bolivia.s3.amazonaws.com/product-family-item-image-image/square/product-family-item-image-image_C81GHQufw5rAhnMT7XUt.png,1,Silver (#d3d3d3) - SKU: RS52B3000M9/ZS
87,Refrigerador Top Mount Freezer 298 L con Space Max,refrigerators,6699,0,https://samsung.com.bo/refrigerators/top-mount-freezer/rt5300c-top-mount-freezer-spacemax-298l-silver-rt31cg5540s9zs,Almacena más alimentos en un interior espacioso con 20 litros más de capacidad,,298L,RT31CG5540S9ZS,https://samsung-bolivia.s3.amazonaws.com/product-family-item-image-image/square/product-family-item-image-image_qdOpYe8xzfGi6bklj9RJ.png,1,Silver (#d3d3d3) - SKU: RT31CG5540S9ZS
88,French Door de 425 L con Twin Cooling Plus,refrigerators,15246,0,https://samsung.com.bo/refrigerators/french-door/rf5000a-425l-black-rf44a5202b1-zs,"Puerta Francesa (Twin Cooling), dispensador de agua externo y caja de vegetales.",,425L,RF44A5202B1/ZS,https://samsung-bolivia.s3.amazonaws.com/product-family-item-image-image/square/product-family-item-image-image_xgmOh0RCkMKVTP5WieGE.png,1,Negro (#000000) - SKU: RF44A5202B1/ZS
89,Refrigerador Twin Cooling Plus de 526 L / 19 Pies cúbicos,refrigerators,10973,0,https://samsung.com.bo/refrigeradores/RT53K6541SL,Mantén la frescura de tus alimentos por el doble de tiempo,,526L,RT53K6541SL/ZS,https://samsung-bolivia.s3.amazonaws.com/product-family-item-image-image/square/product-family-item-image-image_ZeLXNjyAPOFGD8znriCB.png,1,Silver (#d3d3d3) - SKU: RT53K6541SL/ZS
90,Top Mount de 385L con No Frost,refrigerators,7762,0,https://samsung.com.bo/refrigerators/top-mount-freezer/385l-elegant-inox-rt38k50ajs8-zs,All-around Cooling,,385L,RT38K50AJS8/ZS,https://samsung-bolivia.s3.amazonaws.com/product-family-item-image-image/square/product-family-item-image-image_y1Ew2vYxhRkjQXpbmz6T.png,1,Plateado (#dbdbdb) - SKU: RT38K50AJS8/ZS
91,Refrigerador Twin Cooling Plus de 526 L / 19 Pies cúbicos,refrigerators,11296,0,https://samsung.com.bo/refrigeradores/RT53K6541BS,"Edición Black Inox, Twin Cooling, Smart Conversion y Power Cool/Freeze.",,526L,RT53K6541BS/ZS,https://samsung-bolivia.s3.amazonaws.com/product-family-item-image-image/square/product-family-item-image-image_EZwrpQvh7dGJfLz8O4SD.png,1,Negro (#000000) - SKU: RT53K6541BS/ZS
92,Refrigerador Top Mount Freezer 384 L c/ Space Max y WiFi,refrigerators,9240,0,https://shop.samsung.com.bo/refrigerators/top-mount-freezer/rt6300c-top-mount-freezer-optimal-fresh-and-space-max-384l-black-rt38cg6720b1zs,"Bespoke Design (Panel personalizable), WiFi SmartThings y SpaceMax.",,384L,RT38CG6720B1ZS,https://samsung-bolivia.s3.amazonaws.com/product-family-item-image-image/square/product-family-item-image-image_zJbv7fYwk1ruh9PVIHaE.png,1,Negro (#000000) - SKU: RT38CG6720B1ZS
93,Refrigerador Top Mount Freezer 384 L c/ Space Max y WiFi,refrigerators,9009,0,https://samsung.com.bo/refrigerators/top-mount-freezer/rt6300c-top-mount-freezer-optimal-fresh-and-space-max-384l-black-rt38cg6720b1zs,"Bespoke Design (Panel personalizable), WiFi SmartThings y SpaceMax.",,384L,RT38CG6720S9ZS,https://samsung-bolivia.s3.amazonaws.com/product-family-item-image-image/square/product-family-item-image-image_vohCPp2fGgDBs64nty19.png,1,Plateado (#dbdbdb) - SKU: RT38CG6720S9ZS
94,Refrigerador Side by Side 602L c/ 3-Door Flex,refrigerators,17903,0,https://samsung.com.bo/refrigerators/side-by-side/rs5000rc-spacemax-602l-black-rs65r5691b4-zs,"Tecnología SpaceMax (602L), 3 puertas con FlexZone y Metal Cooling.",,602L,RS65R5691M9/ZS,https://samsung-bolivia.s3.amazonaws.com/product-family-item-image-image/square/product-family-item-image-image_xDYXudpNP4qvCsWoOZaQ.png,1,Plateado (#dbdbdb) - SKU: RS65R5691M9/ZS
95,Refrigerador Side by Side 602L c/ 3-Door Flex,refrigerators,19173,0,https://samsung.com.bo/refrigerators/side-by-side/rs5000rc-spacemax-602l-black-rs65r5691b4-zs,"Tecnología SpaceMax (602L), 3 puertas con FlexZone y Metal Cooling.",,602L,RS65R5691B4/ZS,https://samsung-bolivia.s3.amazonaws.com/product-family-item-image-image/square/product-family-item-image-image_4JuPHt1WvOwDnmYhZ6rA.png,1,Negro (#000000) - SKU: RS65R5691B4/ZS
96,Aspiradora sin Bolsa 1800W c/ Turbina Anti Enredos,kitchen_cleaning,1247,0,https://samsung.com.bo/vacuum-cleaners/canister/canister-vc3100m,"Turbina Anti-Tangle (No se atasca con pelos), depósito Easy Dustbin y 1800W.",,,VC18M3110VB/BO,https://samsung-bolivia.s3.amazonaws.com/product-family-item-image-image/square/product-family-item-image-image_xjtC0g9Z2bEXqADP3HNy.png,1,Azul Cosmo (#1c0d82) - SKU: VC18M3110VB/BO
97,Aspiradora con Bolsa 2000W c/ Función Soplador,kitchen_cleaning,901,0,https://samsung.com.bo/vacuum-cleaners/canister/vcc4190v3exbo,"Potente 2000W, función de soplado de polvo y filtro de alérgenos.",,,VCC4190V3E/XBO,https://samsung-bolivia.s3.amazonaws.com/product-family-item-image-image/square/product-family-item-image-image_hx8bfBduoXV1MyCcHAlZ.png,1,Vino Rubí (#653038) - SKU: VCC4190V3E/XBO
98,Aspiradora Stick Jet 60 con 150 W de Poder de Succión,kitchen_cleaning,3049,0,https://samsung.com.bo/vacuum-cleaners/stick/vs9000rl-stick-more-advance-cleaning-performance-digital-inverter-motor-jet-cyclone-silver-vs15a60a1r5-zs,Rendimiento de limpieza más avanzado,,,VS15A60A1R5/ZS,https://samsung-bolivia.s3.amazonaws.com/product-family-item-image-image/square/product-family-item-image-image_a3s8g25FhCHW6MLPTDRy.png,1,Silver (#d3d3d3) - SKU: VS15A60A1R5/ZS
99,"Aspiradora con Contenedor , 2000 W",kitchen_cleaning,1040,0,https://samsung.com.bo/vacuum-cleaners/canister/canister-vcc4580v3k,Twin Chamber System™,,,VCC4580V3K/XBO,https://samsung-bolivia.s3.amazonaws.com/product-family-item-image-image/square/product-family-item-image-image_0wEIO2gtvuZmicUy9WNT.png,1,Negro (#000000) - SKU: VCC4580V3K/XBO